sample_uid,label,threshold,IoU_M2,IoU_M4,IoU_M3,TDA_Gain_M3_vs_M4,Head_Effect_M4_vs_M2
Calc-Test_P_00038_LEFT_CC_1,0,0.2,0.6618509468540013,0.0,0.0,0.0,-0.6618509468540013
Calc-Test_P_00038_LEFT_CC_1,0,0.4,0.4073054873054873,0.0,0.0,0.0,-0.4073054873054873
Calc-Test_P_00038_LEFT_CC_1,0,0.6,0.12953970316667807,0.0,0.0,0.0,-0.12953970316667807
Calc-Test_P_00038_LEFT_CC_1,0,p75,0.36994620284497837,0.5772480867346939,0.5772480867346939,0.0,0.2073018838897155
Calc-Test_P_00038_RIGHT_CC_1,0,0.2,0.33949292100328815,0.22683858643744031,0.22233013200963994,-0.0045084544278003735,-0.11265433456584784
Calc-Test_P_00038_RIGHT_CC_1,0,0.4,0.33241043018306543,0.15971875934975566,0.13506139154160982,-0.02465736780814584,-0.17269167083330977
Calc-Test_P_00038_RIGHT_CC_1,0,0.6,0.14507825906089128,0.11222022444044888,0.058337225595516115,-0.053882998844932764,-0.0328580346204424
Calc-Test_P_00038_RIGHT_CC_1,0,p75,0.23872129671319225,0.183871939412195,0.1262485672179466,-0.0576233721942484,-0.05484935730099724
Calc-Test_P_00038_RIGHT_CC_2,0,0.2,0.4909830114708872,0.44337541953012627,0.31518808143454224,-0.12818733809558402,-0.04760759194076092
Calc-Test_P_00038_RIGHT_CC_2,0,0.4,0.13978023459619793,0.15275717945260886,0.10550087636510719,-0.04725630308750167,0.012976944856410932
Calc-Test_P_00038_RIGHT_CC_2,0,0.6,0.057941216125117975,0.07155858163678037,0.04341377915599299,-0.028144802480787386,0.0136173655116624
Calc-Test_P_00038_RIGHT_CC_2,0,p75,0.29503772311844445,0.3736860945686485,0.3742674827451491,0.0005813881765006079,0.07864837145020404
Calc-Test_P_00041_LEFT_CC_2,0,0.2,0.5921086742365324,0.45145098944210466,0.42632310594777084,-0.025127883494333814,-0.1406576847944277
Calc-Test_P_00041_LEFT_CC_2,0,0.4,0.43309420762435524,0.18081620494489128,0.2790501852475581,0.0982339803026668,-0.252278002679464
Calc-Test_P_00041_LEFT_CC_2,0,0.6,0.21286863270777479,0.07047959487637771,0.16653042158122153,0.09605082670484381,-0.14238903783139706
Calc-Test_P_00041_LEFT_CC_2,0,p75,0.5875825484464653,0.5669712026499973,0.4296368510845723,-0.13733435156542506,-0.02061134579646795
Calc-Test_P_00077_LEFT_CC_1,0,0.2,0.5544691061787642,0.29038376430422963,0.33741557664358385,0.04703181233935422,-0.2640853418745346
Calc-Test_P_00077_LEFT_CC_1,0,0.4,0.3292251295664265,0.15160902826073214,0.40361187229687345,0.2520028440361413,-0.17761610130569438
Calc-Test_P_00077_LEFT_CC_1,0,0.6,0.16893216159828034,0.07062021875197572,0.20502567556191598,0.13440545680994026,-0.09831194284630462
Calc-Test_P_00077_LEFT_CC_1,0,p75,0.6244343891402715,0.5062403738913378,0.2011942068264589,-0.3050461670648789,-0.11819401524893369
Calc-Test_P_00077_RIGHT_CC_1,0,0.2,0.17403033921542613,0.012703006914294903,0.009700548291859975,-0.0030024586224349278,-0.16132733230113122
Calc-Test_P_00077_RIGHT_CC_1,0,0.4,0.09821068209336742,0.0016304347826086956,0.0,-0.0016304347826086956,-0.09658024731075872
Calc-Test_P_00077_RIGHT_CC_1,0,0.6,0.04323645496950126,0.0,0.0,0.0,-0.04323645496950126
Calc-Test_P_00077_RIGHT_CC_1,0,p75,0.34158644589911435,0.44435586734693877,0.08024308570011163,-0.36411278164682714,0.10276942144782442
Calc-Test_P_00077_RIGHT_CC_2,0,0.2,0.6314051240992794,0.3491372767292415,0.25431687367464406,-0.09482040305459744,-0.2822678473700379
Calc-Test_P_00077_RIGHT_CC_2,0,0.4,0.4079846177199818,0.19318929312351363,0.09912462682791075,-0.09406466629560288,-0.21479532459646816
Calc-Test_P_00077_RIGHT_CC_2,0,0.6,0.22860901684966858,0.09300207458381825,0.03729190912310884,-0.05571016546070941,-0.13560694226585035
Calc-Test_P_00077_RIGHT_CC_2,0,p75,0.6193984962406015,0.6091547541963441,0.5879577291717867,-0.021197025024557448,-0.010243742044257376
Calc-Test_P_00100_RIGHT_CC_1,0,0.2,0.159995005618679,0.18956710509513472,0.3288699787260668,0.1393028736309321,0.029572099476455727
Calc-Test_P_00100_RIGHT_CC_1,0,0.4,0.10870992776550653,0.08007054673721341,0.02599187205800661,-0.054078674679206795,-0.028639381028293123
Calc-Test_P_00100_RIGHT_CC_1,0,0.6,0.0627887371438206,0.006617592386051007,0.005088599372045184,-0.0015289930140058236,-0.056171144757769596
Calc-Test_P_00100_RIGHT_CC_1,0,p75,0.1164007247647437,0.2016740614871456,0.038339179378415855,-0.16333488210872973,0.0852733367224019
Calc-Test_P_00127_RIGHT_CC_1,1,0.2,0.2145140877905815,0.0,0.47423865609309745,0.47423865609309745,-0.2145140877905815
Calc-Test_P_00127_RIGHT_CC_1,1,0.4,0.0,0.0,0.16457789094275982,0.16457789094275982,0.0
Calc-Test_P_00127_RIGHT_CC_1,1,0.6,0.0,0.0,0.0,0.0,0.0
Calc-Test_P_00127_RIGHT_CC_1,1,p75,0.22502284255962696,0.08639526111375004,0.24914862173102872,0.1627533606172787,-0.13862758144587692
Calc-Test_P_00132_LEFT_MLO_1,0,0.2,0.17138814752885945,0.06326872903466269,0.05324864006487144,-0.010020088969791244,-0.10811941849419676
Calc-Test_P_00132_LEFT_MLO_1,0,0.4,0.07446843364020575,0.01842234198922097,0.03037646336052425,0.011954121371303278,-0.05604609165098478
Calc-Test_P_00132_LEFT_MLO_1,0,0.6,0.03448855423711721,0.0,0.013004346189384347,0.013004346189384347,-0.03448855423711721
Calc-Test_P_00132_LEFT_MLO_1,0,p75,0.2565437150249714,0.23695433276076527,0.5823700573979592,0.34541572463719394,-0.019589382264206145
Calc-Test_P_00140_LEFT_CC_1,0,0.2,0.3497721411664959,0.525913220841832,0.004906511072802016,-0.52100670976903,0.1761410796753361
Calc-Test_P_00140_LEFT_CC_1,0,0.4,0.17651111352840929,0.41917742706838834,0.0,-0.41917742706838834,0.24266631353997906
Calc-Test_P_00140_LEFT_CC_1,0,0.6,0.08624073266463149,0.24272968117177746,0.0,-0.24272968117177746,0.15648894850714595
Calc-Test_P_00140_LEFT_CC_1,0,p75,0.3934397718181502,0.2274788577031499,0.08185476248345891,-0.145624095219691,-0.1659609141150003
Calc-Test_P_00140_LEFT_CC_2,0,0.2,0.21309955663039098,0.23638224756891132,0.028326245443499393,-0.20805600212541192,0.02328269093852034
Calc-Test_P_00140_LEFT_CC_2,0,0.4,0.10024183796856106,0.1247977190413809,0.0001543448062972681,-0.12464337423508363,0.024555881072819835
Calc-Test_P_00140_LEFT_CC_2,0,0.6,0.04107214832728739,0.06681843597731449,0.0,-0.06681843597731449,0.0257462876500271
Calc-Test_P_00140_LEFT_CC_2,0,p75,0.4238289438579106,0.3232022670917464,0.4944595025510204,0.17125723545927402,-0.10062667676616421
Calc-Test_P_00140_RIGHT_CC_1,0,0.2,0.5274187416840905,0.19200213434517105,0.1240410551021123,-0.06796107924305875,-0.3354166073389195
Calc-Test_P_00140_RIGHT_CC_1,0,0.4,0.5601150413615205,0.08225595583962812,0.022838002436053592,-0.05941795340357453,-0.4778590855218923
Calc-Test_P_00140_RIGHT_CC_1,0,0.6,0.3438837576030638,0.012113108113422739,0.0,-0.012113108113422739,-0.331770649489641
Calc-Test_P_00140_RIGHT_CC_1,0,p75,0.3435174746335964,0.1473731506145897,0.18052436930392288,0.033151218689333184,-0.1961443240190067
Calc-Test_P_00140_RIGHT_CC_2,0,0.2,0.5311557052878277,0.2734175579178649,0.37465238203783907,0.1012348241199742,-0.25773814736996287
Calc-Test_P_00140_RIGHT_CC_2,0,0.4,0.2736705049436465,0.13862858842778522,0.31668849882106365,0.17805991039327843,-0.13504191651586125
Calc-Test_P_00140_RIGHT_CC_2,0,0.6,0.08807848155256985,0.07056051587301587,0.1980075161313196,0.12744700025830372,-0.01751796567955398
Calc-Test_P_00140_RIGHT_CC_2,0,p75,0.3430735930735931,0.2158200486355039,0.23237025879775436,0.016550210162250445,-0.12725354443808917
Calc-Test_P_00141_LEFT_CC_1,0,0.2,0.14866656389702482,0.06876900817905336,0.37599268314446327,0.3072236749654099,-0.07989755571797146
Calc-Test_P_00141_LEFT_CC_1,0,0.4,0.09288178112260898,0.035270541082164326,0.1406721354855782,0.10540159440341387,-0.05761124004044465
Calc-Test_P_00141_LEFT_CC_1,0,0.6,0.0552127727243814,0.01616927206695089,0.0767477671696951,0.06057849510274421,-0.03904350065743051
Calc-Test_P_00141_LEFT_CC_1,0,p75,0.22387215386791118,0.14875616612740677,0.1420201113779725,-0.006736054749434284,-0.0751159877405044
Calc-Test_P_00150_RIGHT_MLO_1,1,0.2,0.0,0.001722591064058855,0.0005434388812404898,-0.0011791521828183652,0.001722591064058855
Calc-Test_P_00150_RIGHT_MLO_1,1,0.4,0.0,0.0,0.0,0.0,0.0
Calc-Test_P_00150_RIGHT_MLO_1,1,0.6,0.0,0.0,0.0,0.0,0.0
Calc-Test_P_00150_RIGHT_MLO_1,1,p75,0.22495388334075442,0.09209742819065983,0.33251453086078053,0.2404171026701207,-0.1328564551500946
Calc-Test_P_00163_LEFT_CC_1,0,0.2,0.3232869358487672,0.21634265117527512,0.2043790022623567,-0.011963648912918429,-0.1069442846734921
Calc-Test_P_00163_LEFT_CC_1,0,0.4,0.16476858775259787,0.11472832547260248,0.11047202730166034,-0.004256298170942141,-0.05004026227999539
Calc-Test_P_00163_LEFT_CC_1,0,0.6,0.07810882319107328,0.05602208673645462,0.05491008090801028,-0.0011120058284443401,-0.022086736454618658
Calc-Test_P_00163_LEFT_CC_1,0,p75,0.4726426964578488,0.47506110601894286,0.4228403020814146,-0.05222080393752826,0.0024184095610940703
Calc-Test_P_00164_RIGHT_CC_1,1,0.2,0.0,0.027261683578676577,0.1874439827263098,0.1601822991476332,0.027261683578676577
Calc-Test_P_00164_RIGHT_CC_1,1,0.4,0.0,0.0,0.09483217900905701,0.09483217900905701,0.0
Calc-Test_P_00164_RIGHT_CC_1,1,0.6,0.0,0.0,0.04212942092537191,0.04212942092537191,0.0
Calc-Test_P_00164_RIGHT_CC_1,1,p75,0.48630819515306123,0.17129541563629447,0.48630819515306123,0.31501277951676676,-0.31501277951676676
Calc-Test_P_00180_LEFT_CC_1,0,0.2,0.23699671897652416,0.09840291249236002,0.12408347433728144,0.025680561844921415,-0.13859380648416414
Calc-Test_P_00180_LEFT_CC_1,0,0.4,0.14740836385675513,0.04622166928111646,0.07252602450915799,0.026304355228041525,-0.10118669457563867
Calc-Test_P_00180_LEFT_CC_1,0,0.6,0.0803924240359722,0.016350123864574732,0.040533648296781466,0.024183524432206734,-0.06404230017139748
Calc-Test_P_00180_LEFT_CC_1,0,p75,0.22548994622696808,0.25102762890889224,0.1502691065662002,-0.10075852234269203,0.025537682681924162
Calc-Test_P_00195_LEFT_CC_1,0,0.2,0.16443368030506028,0.07011797443404157,0.23315984008448368,0.1630418656504421,-0.09431570587101872
Calc-Test_P_00195_LEFT_CC_1,0,0.4,0.11921014139444173,0.02542096041338758,0.15223738139352086,0.1268164209801333,-0.09378918098105415
Calc-Test_P_00195_LEFT_CC_1,0,0.6,0.05704589051202597,0.003870889085311957,0.0780812750942937,0.07421038600898175,-0.05317500142671402
Calc-Test_P_00195_LEFT_CC_1,0,p75,0.14167474265957725,0.15205095676075694,0.18453331889198776,0.03248236213123082,0.010376214101179698
Calc-Test_P_00202_RIGHT_CC_2,1,0.2,0.551122356299468,0.47391273898732406,0.39715608465608465,-0.0767566543312394,-0.07720961731214399
Calc-Test_P_00202_RIGHT_CC_2,1,0.4,0.5805609749917653,0.25977291777794714,0.2110647101643615,-0.04870820761358563,-0.32078805721381815
Calc-Test_P_00202_RIGHT_CC_2,1,0.6,0.4483463203463203,0.13616561933767685,0.09780639191950345,-0.038359227418173394,-0.3121807010086435
Calc-Test_P_00202_RIGHT_CC_2,1,p75,0.3971463839674702,0.40387421567196846,0.4085501994802533,0.004675983808284823,0.006727831704498255
Calc-Test_P_00214_LEFT_CC_1,0,0.2,0.8013845494088097,0.5198859870078218,0.48863183087355405,-0.031254156134267796,-0.2814985624009878
Calc-Test_P_00214_LEFT_CC_1,0,0.4,0.5141193790149893,0.253513585865346,0.22727881140409584,-0.026234774461250165,-0.26060579314964327
Calc-Test_P_00214_LEFT_CC_1,0,0.6,0.25224200240931605,0.10714763753178959,0.0953687592022487,-0.011778878329540887,-0.14509436487752647
Calc-Test_P_00214_LEFT_CC_1,0,p75,0.7778783958602846,0.6760778096225379,0.6093448094150712,-0.06673300020746675,-0.10180058623774668
Calc-Test_P_00214_LEFT_CC_2,0,0.2,0.3106885095658151,0.14619991128197546,0.21984190628938022,0.07364199500740476,-0.16448859828383966
Calc-Test_P_00214_LEFT_CC_2,0,0.4,0.16916790774048193,0.07755756673158437,0.10997823347462482,0.03242066674304045,-0.09161034100889756
Calc-Test_P_00214_LEFT_CC_2,0,0.6,0.08637873754152824,0.033489899568488184,0.05143773628136098,0.017947836712872797,-0.05288883797304005
Calc-Test_P_00214_LEFT_CC_2,0,p75,0.466694437081077,0.3432406187140182,0.36122821810005623,0.017987599386038056,-0.12345381836705882
Calc-Test_P_00214_RIGHT_MLO_1,0,0.2,0.43199551988053014,0.2427104722792608,0.21388837035654285,-0.028822101922717946,-0.18928504760126935
Calc-Test_P_00214_RIGHT_MLO_1,0,0.4,0.18984506253500094,0.12428598095949225,0.11767780474145977,-0.006608176218032488,-0.06555908157550869
Calc-Test_P_00214_RIGHT_MLO_1,0,0.6,0.09374649990666417,0.060294941198431956,0.06033227552734739,3.733432891543653e-05,-0.033451558708232215
Calc-Test_P_00214_RIGHT_MLO_1,0,p75,0.46832182191525107,0.46832182191525107,0.3862394698812167,-0.08208235203403436,0.0
Calc-Test_P_00223_LEFT_MLO_1,0,0.2,0.3601727665378495,0.05017857669943033,0.10265644886132849,0.05247787216189816,-0.3099941898384192
Calc-Test_P_00223_LEFT_MLO_1,0,0.4,0.19413476145111871,0.02579205158410317,0.056795489251732646,0.031003437667629478,-0.16834270986701555
Calc-Test_P_00223_LEFT_MLO_1,0,0.6,0.09750978501333031,0.011290941658137155,0.027391410444119083,0.01610046878598193,-0.08621884335519316
Calc-Test_P_00223_LEFT_MLO_1,0,p75,0.15568318418592225,0.6121253188775511,0.1360365565418352,-0.47608876233571584,0.4564421346916288
Calc-Test_P_00244_RIGHT_MLO_1,1,0.2,0.1742978228353,0.5260887772194305,0.5145555023715243,-0.011533274847906227,0.3517909543841305
Calc-Test_P_00244_RIGHT_MLO_1,1,0.4,0.019673806583485925,0.2915184502635752,0.3344431946006749,0.042924744337099696,0.27184464368008926
Calc-Test_P_00244_RIGHT_MLO_1,1,0.6,0.0,0.08023134458166638,0.15631046119235095,0.07607911661068457,0.08023134458166638
Calc-Test_P_00244_RIGHT_MLO_1,1,p75,0.32468472587343317,0.46816147284857695,0.5134723370913681,0.04531086424279113,0.1434767469751438
Calc-Test_P_00246_RIGHT_MLO_1,0,0.2,0.18134223471539002,0.027258150721539285,0.0,-0.027258150721539285,-0.15408408399385073
Calc-Test_P_00246_RIGHT_MLO_1,0,0.4,0.11949411251635413,0.000704083685375176,0.0,-0.000704083685375176,-0.11879002883097894
Calc-Test_P_00246_RIGHT_MLO_1,0,0.6,0.040360899044364955,0.0,0.0,0.0,-0.040360899044364955
Calc-Test_P_00246_RIGHT_MLO_1,0,p75,0.13847498708626377,0.07665138648831442,0.004839727852984499,-0.07181165863532991,-0.06182360059794935
Calc-Test_P_00257_RIGHT_CC_1,0,0.2,0.5022573363431151,0.0,0.0,0.0,-0.5022573363431151
Calc-Test_P_00257_RIGHT_CC_1,0,0.4,0.27998004655803127,0.0,0.0,0.0,-0.27998004655803127
Calc-Test_P_00257_RIGHT_CC_1,0,0.6,0.10085217268821749,0.0,0.0,0.0,-0.10085217268821749
Calc-Test_P_00257_RIGHT_CC_1,0,p75,0.31609214288061516,0.5481903698979592,0.5481903698979592,0.0,0.23209822701734406
Calc-Test_P_00299_LEFT_MLO_1,1,0.2,0.37302000446196176,0.7297236727101589,0.0,-0.7297236727101589,0.35670366824819716
Calc-Test_P_00299_LEFT_MLO_1,1,0.4,0.1290543314629807,0.5055474589817122,0.0,-0.5055474589817122,0.37649312751873143
Calc-Test_P_00299_LEFT_MLO_1,1,0.6,0.00376325692781389,0.2978903183602268,0.0,-0.2978903183602268,0.2941270614324129
Calc-Test_P_00299_LEFT_MLO_1,1,p75,0.21164967971161078,0.28263555250514755,0.21209369892863628,-0.07054185357651127,0.07098587279353677
Calc-Test_P_00299_RIGHT_CC_1,1,0.2,0.27503179313268333,0.09932239657631954,0.1919061734759634,0.09258377689964385,-0.1757093965563638
Calc-Test_P_00299_RIGHT_CC_1,1,0.4,0.16784518049869743,0.042106540468389755,0.17932978837300595,0.1372232479046162,-0.12573864003030766
Calc-Test_P_00299_RIGHT_CC_1,1,0.6,0.09835294117647059,0.013808408334360745,0.15146690925631112,0.13765850092195037,-0.08454453284210985
Calc-Test_P_00299_RIGHT_CC_1,1,p75,0.16770109235352532,0.31769155343885697,0.17597299774981248,-0.14171855568904448,0.14999046108533165
Calc-Test_P_00315_LEFT_MLO_1,0,0.2,0.21223763497391515,0.0,0.0,0.0,-0.21223763497391515
Calc-Test_P_00315_LEFT_MLO_1,0,0.4,0.09548267076475109,0.0,0.0,0.0,-0.09548267076475109
Calc-Test_P_00315_LEFT_MLO_1,0,0.6,0.038500424637036436,0.0,0.0,0.0,-0.038500424637036436
Calc-Test_P_00315_LEFT_MLO_1,0,p75,0.46120672756498216,0.49280532525510207,0.49280532525510207,0.0,0.03159859769011991
Calc-Test_P_00325_RIGHT_MLO_1,0,0.2,0.5031088082901555,0.0,0.04708410947127096,0.04708410947127096,-0.5031088082901555
Calc-Test_P_00325_RIGHT_MLO_1,0,0.4,0.34986346258874934,0.0,0.02441205401055173,0.02441205401055173,-0.34986346258874934
Calc-Test_P_00325_RIGHT_MLO_1,0,0.6,0.16486754761461628,0.0,0.010301515105876683,0.010301515105876683,-0.16486754761461628
Calc-Test_P_00325_RIGHT_MLO_1,0,p75,0.26997472093617747,0.6411033163265306,0.6411033163265306,0.0,0.37112859539035314
Calc-Test_P_00331_LEFT_CC_1,0,0.2,0.21599572397108055,0.061091689453463015,0.0,-0.061091689453463015,-0.15490403451761753
Calc-Test_P_00331_LEFT_CC_1,0,0.4,0.11169236417033773,0.03136537852948416,0.0,-0.03136537852948416,-0.08032698564085358
Calc-Test_P_00331_LEFT_CC_1,0,0.6,0.07414525591745903,0.012199893295393918,0.0,-0.012199893295393918,-0.06194536262206511
Calc-Test_P_00331_LEFT_CC_1,0,p75,0.15550825217239167,0.5397600446428571,0.08288938065185913,-0.45687066399099796,0.3842517924704654
Calc-Test_P_00344_LEFT_CC_1,0,0.2,0.25995885543295305,0.14419217636134907,0.09700143382582133,-0.04719074253552774,-0.11576667907160398
Calc-Test_P_00344_LEFT_CC_1,0,0.4,0.14992830870893337,0.0831684373953545,0.04709806121812855,-0.03607037617722595,-0.06675987131357887
Calc-Test_P_00344_LEFT_CC_1,0,0.6,0.07776946574403092,0.038563501849568436,0.019076117449036843,-0.019487384400531594,-0.03920596389446248
Calc-Test_P_00344_LEFT_CC_1,0,p75,0.3909980674521539,0.31591673055375363,0.2871107266435986,-0.02880600391015503,-0.07508133689840024
Calc-Test_P_00352_LEFT_CC_1,0,0.2,0.16726824279612584,0.0,0.18168982265898564,0.18168982265898564,-0.16726824279612584
Calc-Test_P_00352_LEFT_CC_1,0,0.4,0.07477591289177646,0.0,0.09951580403596884,0.09951580403596884,-0.07477591289177646
Calc-Test_P_00352_LEFT_CC_1,0,0.6,0.03341755399145762,0.0,0.051043734584611686,0.051043734584611686,-0.03341755399145762
Calc-Test_P_00352_LEFT_CC_1,0,p75,0.3468439319959998,0.6625876913265306,0.2417290378566005,-0.4208586534699301,0.31574375933053084
Calc-Test_P_00353_LEFT_CC_1,0,0.2,0.6523660610446333,0.12673897213812133,0.10787708288249297,-0.01886188925562836,-0.525627088906512
Calc-Test_P_00353_LEFT_CC_1,0,0.4,0.533770469525039,0.0616669904798912,0.05005880623346075,-0.011608184246430453,-0.4721034790451478
Calc-Test_P_00353_LEFT_CC_1,0,0.6,0.24297649115989897,0.02467456770934525,0.019460630509487525,-0.005213937199857726,-0.21830192345055371
Calc-Test_P_00353_LEFT_CC_1,0,p75,0.44101039000150577,0.5128946109693877,0.15475579957163113,-0.3581388113977566,0.07188422096788194
Calc-Test_P_00353_LEFT_CC_2,1,0.2,0.0,0.4798836242726517,0.0,-0.4798836242726517,0.4798836242726517
Calc-Test_P_00353_LEFT_CC_2,1,0.4,0.0,0.0264808362369338,0.0,-0.0264808362369338,0.0264808362369338
Calc-Test_P_00353_LEFT_CC_2,1,0.6,0.0,0.0,0.0,0.0,0.0
Calc-Test_P_00353_LEFT_CC_2,1,p75,0.45962213010204084,0.21642581394554336,0.31406849719515795,0.09764268324961459,-0.24319631615649748
Calc-Test_P_00368_LEFT_CC_1,0,0.2,0.18249915834362024,0.02890234550598937,0.11759144980436438,0.08868910429837501,-0.15359681283763088
Calc-Test_P_00368_LEFT_CC_1,0,0.4,0.08444619010212097,0.014024603623246925,0.01187808762789191,-0.0021465159953550153,-0.07042158647887405
Calc-Test_P_00368_LEFT_CC_1,0,0.6,0.038856469532039056,0.005430926259483652,0.0,-0.005430926259483652,-0.033425543272555404
Calc-Test_P_00368_LEFT_CC_1,0,p75,0.3127383676582761,0.7103794642857143,0.2115452305526223,-0.498834233733092,0.3976410966274382
Calc-Test_P_00372_RIGHT_CC_1,1,0.2,0.6681336698811295,0.06769475818129163,0.2903765690376569,0.2226818108563653,-0.6004389116998379
Calc-Test_P_00372_RIGHT_CC_1,1,0.4,0.4904138170858931,0.008953497145444028,0.0699818660128215,0.06102836886737747,-0.4814603199404491
Calc-Test_P_00372_RIGHT_CC_1,1,0.6,0.17920280823137386,0.0,0.0032152659783034896,0.0032152659783034896,-0.17920280823137386
Calc-Test_P_00372_RIGHT_CC_1,1,p75,0.25641220600162207,0.15803120911979068,0.23184156250776533,0.07381035338797465,-0.09838099688183138
Calc-Test_P_00390_RIGHT_CC_1,1,0.2,0.4620267064921374,0.6157883945048185,0.5365437833563945,-0.07924461114842396,0.15376168801268109
Calc-Test_P_00390_RIGHT_CC_1,1,0.4,0.24733139582258196,0.5102295462857389,0.37999148120540943,-0.13023806508032948,0.26289815046315695
Calc-Test_P_00390_RIGHT_CC_1,1,0.6,0.05893342391304348,0.26581409539306416,0.19639782062501765,-0.06941627476804652,0.20688067148002068
Calc-Test_P_00390_RIGHT_CC_1,1,p75,0.2692656633578824,0.24961763620062233,0.30552647528789467,0.055908839087272344,-0.01964802715726005
Calc-Test_P_00397_LEFT_CC_1,1,0.2,0.0006393083292742329,0.49442196599387234,0.041690442225392296,-0.45273152376848,0.4937826576645981
Calc-Test_P_00397_LEFT_CC_1,1,0.4,0.0,0.03750130212854613,0.022762695277103194,-0.014738606851442938,0.03750130212854613
Calc-Test_P_00397_LEFT_CC_1,1,0.6,0.0,0.0,0.010606781024834498,0.010606781024834498,0.0
Calc-Test_P_00397_LEFT_CC_1,1,p75,0.06483810543216484,0.25931200354441597,0.5430683992346939,0.2837563956902779,0.19447389811225113
Calc-Test_P_00402_RIGHT_CC_1,0,0.2,0.3116520023024422,0.14365594934627088,0.24476304261250498,0.1011070932662341,-0.16799605295617134
Calc-Test_P_00402_RIGHT_CC_1,0,0.4,0.15849847874352438,0.07330811610887263,0.1112161828796974,0.03790806677082477,-0.08519036263465175
Calc-Test_P_00402_RIGHT_CC_1,0,0.6,0.07676177945892608,0.03030178439273086,0.04707672066441904,0.016774936271688183,-0.04645999506619522
Calc-Test_P_00402_RIGHT_CC_1,0,p75,0.5157470602746485,0.3514920448713249,0.36576149372059424,0.01426944884926934,-0.16425501540332355
Calc-Test_P_00403_RIGHT_CC_1,1,0.2,0.3831758152343995,0.34400695091972533,0.30735092566406336,-0.03665602525566197,-0.039168864314674146
Calc-Test_P_00403_RIGHT_CC_1,1,0.4,0.3366541840363645,0.2587936661428744,0.14887530280309147,-0.10991836333978294,-0.07786051789349008
Calc-Test_P_00403_RIGHT_CC_1,1,0.6,0.2856975997196753,0.011105887883417558,0.049900088809946716,0.03879420092652916,-0.27459171183625775
Calc-Test_P_00403_RIGHT_CC_1,1,p75,0.26700761179828736,0.17667200530181698,0.0706695138801658,-0.10600249142165118,-0.09033560649647038
Calc-Test_P_00460_LEFT_CC_1,0,0.2,0.44194271481942715,0.11162215628090999,0.0868223780943428,-0.024799778186567187,-0.33032055853851716
Calc-Test_P_00460_LEFT_CC_1,0,0.4,0.20429364652900386,0.07304402581728499,0.048602492180906516,-0.024441533636378472,-0.13124962071171886
Calc-Test_P_00460_LEFT_CC_1,0,0.6,0.07391375367526952,0.03300241481083982,0.022106366122313374,-0.010896048688526446,-0.0409113388644297
Calc-Test_P_00460_LEFT_CC_1,0,p75,0.24967665035124648,0.1637067825429813,0.1321569708666483,-0.031549811676333,-0.08596986780826518
Calc-Test_P_00466_LEFT_MLO_1,1,0.2,0.14775365683770605,0.09037656903765691,0.5377350726307559,0.44735850359309903,-0.057377087800049145
Calc-Test_P_00466_LEFT_MLO_1,1,0.4,0.09429941395844432,0.0,0.5159431763205348,0.5159431763205348,-0.09429941395844432
Calc-Test_P_00466_LEFT_MLO_1,1,0.6,0.020648379052369076,0.0,0.41387769858485696,0.41387769858485696,-0.020648379052369076
Calc-Test_P_00466_LEFT_MLO_1,1,p75,0.1484436192741725,0.22609018830525274,0.2653987533961963,0.03930856509094355,0.07764656903108025
Calc-Test_P_00485_LEFT_CC_1,1,0.2,0.378563171745493,0.25706001315757415,0.27838591972526294,0.02132590656768879,-0.12150315858791882
Calc-Test_P_00485_LEFT_CC_1,1,0.4,0.24792574537755127,0.14957805907172997,0.18972477064220183,0.040146711570471866,-0.0983476863058213
Calc-Test_P_00485_LEFT_CC_1,1,0.6,0.13785158112188145,0.09023527429951149,0.10312115711190491,0.012885882812393418,-0.04761630682236996
Calc-Test_P_00485_LEFT_CC_1,1,p75,0.16425306835105016,0.18133027642445876,0.24298911702623427,0.06165884060177551,0.017077208073408595
Calc-Test_P_00485_LEFT_CC_2,1,0.2,0.12137650920825684,0.0,0.0014356843938051747,0.0014356843938051747,-0.12137650920825684
Calc-Test_P_00485_LEFT_CC_2,1,0.4,0.0045463037927383695,0.0,0.0,0.0,-0.0045463037927383695
Calc-Test_P_00485_LEFT_CC_2,1,0.6,0.0,0.0,0.0,0.0,0.0
Calc-Test_P_00485_LEFT_CC_2,1,p75,0.1444882925545909,0.24686864054573074,0.225132364537569,-0.021736276008161748,0.10238034799113985
Calc-Test_P_00485_LEFT_CC_3,1,0.2,0.43231304890089906,0.5340277473850059,0.0008382229673093043,-0.5331895244176966,0.10171469848410686
Calc-Test_P_00485_LEFT_CC_3,1,0.4,0.2576129442777929,0.035297349265210824,0.0,-0.035297349265210824,-0.22231559501258208
Calc-Test_P_00485_LEFT_CC_3,1,0.6,0.10799074455608736,0.0,0.0,0.0,-0.10799074455608736
Calc-Test_P_00485_LEFT_CC_3,1,p75,0.30673501437079614,0.1083934541615344,0.12890755011649044,0.02051409595495604,-0.19834156020926175
Calc-Test_P_00485_LEFT_CC_4,1,0.2,0.039160254676860295,0.011546380279338934,0.6311266389574925,0.6195802586781536,-0.02761387439752136
Calc-Test_P_00485_LEFT_CC_4,1,0.4,0.0,0.0,0.5812363070496939,0.5812363070496939,0.0
Calc-Test_P_00485_LEFT_CC_4,1,0.6,0.0,0.0,0.3129958171065917,0.3129958171065917,0.0
Calc-Test_P_00485_LEFT_CC_4,1,p75,0.05722594755690148,0.05093654434250765,0.13526769580257111,0.08433115146006347,-0.006289403214393835
Calc-Test_P_00485_LEFT_CC_5,1,0.2,0.1255794248118427,0.0012117271545099893,0.2972310656836461,0.2960193385291361,-0.12436769765733272
Calc-Test_P_00485_LEFT_CC_5,1,0.4,0.0,0.0,0.0026407961305387226,0.0026407961305387226,0.0
Calc-Test_P_00485_LEFT_CC_5,1,0.6,0.0,0.0,0.0,0.0,0.0
Calc-Test_P_00485_LEFT_CC_5,1,p75,0.10420645290984018,0.07191120868398586,0.09882223500287565,0.026911026318889794,-0.03229524422585432
Calc-Test_P_00495_RIGHT_CC_2,0,0.2,0.45681044267877413,0.277431162132934,0.1503819036427732,-0.1270492584901608,-0.17937928054584013
Calc-Test_P_00495_RIGHT_CC_2,0,0.4,0.3061256834931453,0.2635484225568869,0.07250061510702863,-0.19104780744985825,-0.04257726093625841
Calc-Test_P_00495_RIGHT_CC_2,0,0.6,0.12391839326823847,0.190582802770587,0.05724653379549394,-0.13333626897509307,0.06666440950234853
Calc-Test_P_00495_RIGHT_CC_2,0,p75,0.4579563906286245,0.27064591125037907,0.07014855488869025,-0.2004973563616888,-0.1873104793782454
Calc-Test_P_00495_RIGHT_CC_3,0,0.2,0.6984628897672376,0.4914150648887303,0.3461657185694757,-0.14524934631925462,-0.20704782487850726
Calc-Test_P_00495_RIGHT_CC_3,0,0.4,0.4444393655437217,0.25706188865527013,0.19271380902317503,-0.0643480796320951,-0.18737747688845158
Calc-Test_P_00495_RIGHT_CC_3,0,0.6,0.15312885679023633,0.12058326095899803,0.0804954975545093,-0.04008776340448873,-0.0325455958312383
Calc-Test_P_00495_RIGHT_CC_3,0,p75,0.5717351598173516,0.5162100255484098,0.4610552230570058,-0.055154802491403976,-0.05552513426894179
Calc-Test_P_00495_RIGHT_MLO_1,0,0.2,0.4419518000595061,0.336286624698842,0.35951171323736947,0.02322508853852745,-0.10566517536066405
Calc-Test_P_00495_RIGHT_MLO_1,0,0.4,0.34697192358264367,0.20006573001396763,0.21203392542806848,0.011968195414100852,-0.14690619356867604
Calc-Test_P_00495_RIGHT_MLO_1,0,0.6,0.21080009908347783,0.10579366423852278,0.1118769437673363,0.006083279528813518,-0.10500643484495505
Calc-Test_P_00495_RIGHT_MLO_1,0,p75,0.4417265332779196,0.4731254549866537,0.35339686785933233,-0.11972858712732137,0.031398921708734095
Calc-Test_P_00497_LEFT_CC_1,1,0.2,0.453732912723449,0.5856389717601863,0.590311647515913,0.0046726757557267184,0.1319060590367373
Calc-Test_P_00497_LEFT_CC_1,1,0.4,0.1821489890577352,0.6265753742601834,0.60032749716589,-0.026247877094293437,0.4444263852024482
Calc-Test_P_00497_LEFT_CC_1,1,0.6,0.014167185911520677,0.3708433661495321,0.1485569279686927,-0.22228643818083943,0.35667618023801145
Calc-Test_P_00497_LEFT_CC_1,1,p75,0.14465094313415006,0.29675896790434236,0.2259811360052367,-0.07077783189910566,0.1521080247701923
Calc-Test_P_00537_RIGHT_MLO_1,1,0.2,0.49902920558360075,0.4961660744342622,0.4700923526007197,-0.026073721833542507,-0.0028631311493385603
Calc-Test_P_00537_RIGHT_MLO_1,1,0.4,0.29484850104205634,0.32387104421002727,0.32038863710417964,-0.003482407105847629,0.029022543167970927
Calc-Test_P_00537_RIGHT_MLO_1,1,0.6,0.24359785014227,0.23058092802338326,0.01896325669150331,-0.21161767133187995,-0.013016922118886748
Calc-Test_P_00537_RIGHT_MLO_1,1,p75,0.23397683397683397,0.27280876494023903,0.1773539708863092,-0.09545479405392984,0.038831930963405065
Calc-Test_P_00562_LEFT_CC_1,0,0.2,0.6094440469677203,0.46663540131314485,0.5920128898607435,0.12537748854759867,-0.1428086456545754
Calc-Test_P_00562_LEFT_CC_1,0,0.4,0.5998513096191239,0.29250068549492736,0.42651494378941596,0.1340142582944886,-0.30735062412419656
Calc-Test_P_00562_LEFT_CC_1,0,0.6,0.2907574617506897,0.16259939676446394,0.21565670414038937,0.05305730737592543,-0.12815806498622578
Calc-Test_P_00562_LEFT_CC_1,0,p75,0.5718672151092057,0.4874184529356943,0.5901072496044072,0.10268879666871289,-0.08444876217351138
Calc-Test_P_00562_LEFT_CC_2,0,0.2,0.6556417758554891,0.632418144611187,0.605636193871488,-0.026781950739698912,-0.023223631244302156
Calc-Test_P_00562_LEFT_CC_2,0,0.4,0.5876853099730458,0.3457064659596305,0.30336982552172426,-0.04233664043790625,-0.2419788440134153
Calc-Test_P_00562_LEFT_CC_2,0,0.6,0.31508723913787207,0.17345193294560382,0.1498460485802258,-0.023605884365378027,-0.14163530619226825
Calc-Test_P_00562_LEFT_CC_2,0,p75,0.6856308248713312,0.6154102512830767,0.7477464484026827,0.13233619711960598,-0.07022057358825451
Calc-Test_P_00562_RIGHT_CC_1,0,0.2,0.7844665800490833,0.714828897338403,0.7534013605442177,0.038572463205814644,-0.06963768271068027
Calc-Test_P_00562_RIGHT_CC_1,0,0.4,0.5757327656787293,0.3942347064122512,0.44472649852603996,0.050491792113788736,-0.1814980592664781
Calc-Test_P_00562_RIGHT_CC_1,0,0.6,0.3009581524854639,0.19498812546065022,0.23798214724428793,0.042994021783637704,-0.1059700270248137
Calc-Test_P_00562_RIGHT_CC_1,0,p75,0.7840155664456616,0.7814478986758779,0.7720114531138154,-0.009436445562062579,-0.002567667769783677
Calc-Test_P_00570_LEFT_MLO_1,1,0.2,0.05497080239348281,0.001214242348487554,0.14927223034386322,0.14805798799537567,-0.05375656004499525
Calc-Test_P_00570_LEFT_MLO_1,1,0.4,0.03487202414217056,0.0,0.034886672710788755,0.034886672710788755,-0.03487202414217056
Calc-Test_P_00570_LEFT_MLO_1,1,0.6,0.019905610108852858,0.0,0.0032822757111597373,0.0032822757111597373,-0.019905610108852858
Calc-Test_P_00570_LEFT_MLO_1,1,p75,0.5058992346938775,0.04950330667699715,0.16755425581037403,0.11805094913337688,-0.4563959280168804
Calc-Test_P_00579_LEFT_MLO_1,0,0.2,0.0,0.0,0.08246303381242891,0.08246303381242891,0.0
Calc-Test_P_00579_LEFT_MLO_1,0,0.4,0.0,0.0,2.7803264103205717e-05,2.7803264103205717e-05,0.0
Calc-Test_P_00579_LEFT_MLO_1,0,0.6,0.0,0.0,0.0,0.0,0.0
Calc-Test_P_00579_LEFT_MLO_1,0,p75,0.6473014987244898,0.6473014987244898,0.13714199121078952,-0.5101595075137003,0.0
Calc-Test_P_00589_LEFT_CC_1,0,0.2,0.08634842547836284,0.0,0.0,0.0,-0.08634842547836284
Calc-Test_P_00589_LEFT_CC_1,0,0.4,0.04451576476181986,0.0,0.0,0.0,-0.04451576476181986
Calc-Test_P_00589_LEFT_CC_1,0,0.6,0.023841223643062823,0.0,0.0,0.0,-0.023841223643062823
Calc-Test_P_00589_LEFT_CC_1,0,p75,0.24993014027832114,0.6414421237244898,0.6414421237244898,0.0,0.39151198344616867
Calc-Test_P_00608_LEFT_CC_1,0,0.2,0.06638303400344256,0.0637071957048386,0.0,-0.0637071957048386,-0.002675838298603961
Calc-Test_P_00608_LEFT_CC_1,0,0.4,0.03447324875896304,0.03674540682414698,0.0,-0.03674540682414698,0.002272158065183938
Calc-Test_P_00608_LEFT_CC_1,0,0.6,0.010692368510221754,0.018634466308884913,0.0,-0.018634466308884913,0.007942097798663159
Calc-Test_P_00608_LEFT_CC_1,0,p75,0.08201119252293314,0.08260719025910324,0.4975486288265306,0.4149414385674274,0.000595997736170098
Calc-Test_P_00620_LEFT_CC_1,0,0.2,0.3342488240679357,0.06358927582499918,0.1674724533393299,0.10388317751433071,-0.27065954824293653
Calc-Test_P_00620_LEFT_CC_1,0,0.4,0.23104119364255596,0.03153402612633156,0.0844584085111678,0.05292438238483624,-0.19950716751622438
Calc-Test_P_00620_LEFT_CC_1,0,0.6,0.13134834022868686,0.0123790598429814,0.032993208227379535,0.020614148384398137,-0.11896928038570545
Calc-Test_P_00620_LEFT_CC_1,0,p75,0.35449818318506454,0.6117865114795918,0.19265776699029127,-0.4191287444893006,0.2572883282945273
Calc-Test_P_00643_LEFT_CC_1,1,0.2,0.07132541720154044,0.392483922829582,0.4284614264011155,0.03597750357153351,0.32115850562804155
Calc-Test_P_00643_LEFT_CC_1,1,0.4,0.0,0.0,0.46912975532386353,0.46912975532386353,0.0
Calc-Test_P_00643_LEFT_CC_1,1,0.6,0.0,0.0,0.506039138261425,0.506039138261425,0.0
Calc-Test_P_00643_LEFT_CC_1,1,p75,0.16032779995797436,0.12205097005340364,0.32990808011881345,0.2078571100654098,-0.03827682990457072
Calc-Test_P_00646_LEFT_CC_1,1,0.2,0.0,0.38084510137919664,0.04224633986452036,-0.33859876151467627,0.38084510137919664
Calc-Test_P_00646_LEFT_CC_1,1,0.4,0.0,0.16564575407827714,0.013023945925895397,-0.15262180815238174,0.16564575407827714
Calc-Test_P_00646_LEFT_CC_1,1,0.6,0.0,0.06349082996580666,0.0003923620193565263,-0.06309846794645013,0.06349082996580666
Calc-Test_P_00646_LEFT_CC_1,1,p75,0.431640625,0.1402286590446985,0.09770962981972156,-0.04251902922497694,-0.2914119659553015
Calc-Test_P_00649_LEFT_CC_1,0,0.2,0.5308329323574847,0.09668925034972707,0.39742354592749596,0.3007342955777689,-0.43414368200775766
Calc-Test_P_00649_LEFT_CC_1,0,0.4,0.2606898602438299,0.05814672041903304,0.26096618063377064,0.2028194602147376,-0.20254313982479685
Calc-Test_P_00649_LEFT_CC_1,0,0.6,0.11604644430864237,0.031247001631112676,0.08479277535881309,0.05354577372770042,-0.0847994426775297
Calc-Test_P_00649_LEFT_CC_1,0,p75,0.24194226036852529,0.11579117678783303,0.25955918168533854,0.14376800489750552,-0.12615108358069227
Calc-Test_P_00663_RIGHT_CC_1,0,0.2,0.46289390266641806,0.021488701816570668,0.02732836615220862,0.005839664335637953,-0.4414052008498474
Calc-Test_P_00663_RIGHT_CC_1,0,0.4,0.24502944049850817,0.0006505812802308149,0.007422737306843267,0.006772156026612452,-0.24437885921827734
Calc-Test_P_00663_RIGHT_CC_1,0,0.6,0.06566221278023145,0.0,0.0,0.0,-0.06566221278023145
Calc-Test_P_00663_RIGHT_CC_1,0,p75,0.2176595744680851,0.6624481823979592,0.16289052578105156,-0.49955765661690765,0.4447886079298741
Calc-Test_P_00678_LEFT_CC_1,1,0.2,0.6817349437254377,0.5419447513812155,0.35214770361960374,-0.18979704776161171,-0.1397901923442223
Calc-Test_P_00678_LEFT_CC_1,1,0.4,0.7116311889921204,0.2991640029505778,0.20188734030197444,-0.09727666264860338,-0.4124671860415426
Calc-Test_P_00678_LEFT_CC_1,1,0.6,0.2795970472331687,0.16318722448640108,0.11691868079533278,-0.046268543691068295,-0.11640982274676762
Calc-Test_P_00678_LEFT_CC_1,1,p75,0.2702522317083345,0.21042731872731607,0.2738656329308085,0.06343831420349244,-0.05982491298101844
Calc-Test_P_00679_LEFT_CC_1,0,0.2,0.5074266330883487,0.18810249393619005,0.20223112128146453,0.01412862734527448,-0.3193241391521586
Calc-Test_P_00679_LEFT_CC_1,0,0.4,0.39180422634722845,0.0974439330134169,0.09040181624223857,-0.007042116771178331,-0.29436029333381153
Calc-Test_P_00679_LEFT_CC_1,0,0.6,0.08445958735566912,0.04260677568481336,0.021795665634674923,-0.020811110050138436,-0.041852811670855763
Calc-Test_P_00679_LEFT_CC_1,0,p75,0.32127467333889353,0.18455309872313921,0.07434303475558067,-0.11021006396755854,-0.13672157461575432
Calc-Test_P_00681_LEFT_CC_1,1,0.2,0.14418922614164617,0.0,0.0,0.0,-0.14418922614164617
Calc-Test_P_00681_LEFT_CC_1,1,0.4,0.028899067453125513,0.0,0.0,0.0,-0.028899067453125513
Calc-Test_P_00681_LEFT_CC_1,1,0.6,0.0,0.0,0.0,0.0,0.0
Calc-Test_P_00681_LEFT_CC_1,1,p75,0.13898667868307657,0.22466159949126366,0.23490793612018687,0.010246336628923214,0.08567492080818709
Calc-Test_P_00686_RIGHT_MLO_1,1,0.2,0.3034923582345379,0.32042360060514374,0.3829646529775485,0.06254105237240476,0.016931242370605837
Calc-Test_P_00686_RIGHT_MLO_1,1,0.4,0.17360446570972887,0.2532264779350541,0.21750565219397408,-0.035720825741080015,0.07962201222532522
Calc-Test_P_00686_RIGHT_MLO_1,1,0.6,0.040082549873882135,0.19551258119913387,0.08412878975221326,-0.11138379144692061,0.15543003132525174
Calc-Test_P_00686_RIGHT_MLO_1,1,p75,0.22076280922110744,0.19496195224350565,0.30300429184549355,0.10804233960198789,-0.025800856977601788
Calc-Test_P_00723_LEFT_MLO_2,0,0.2,0.3395297977036632,0.26096729751287073,0.18581582441615246,-0.07515147309671827,-0.07856250019079247
Calc-Test_P_00723_LEFT_MLO_2,0,0.4,0.16738264469265016,0.15686642870561712,0.07771616027493557,-0.07915026843068156,-0.010516215987033034
Calc-Test_P_00723_LEFT_MLO_2,0,0.6,0.07767710692806373,0.05764248704663212,0.03053971725376865,-0.02710276979286347,-0.020034619881431612
Calc-Test_P_00723_LEFT_MLO_2,0,p75,0.4898851831601968,0.33555049886224403,0.4444192033923974,0.10886870453015335,-0.15433468429795277
Calc-Test_P_00723_LEFT_MLO_3,0,0.2,0.3999586776859504,0.4915652654867257,0.218099173553719,-0.2734660919330067,0.0916065878007753
Calc-Test_P_00723_LEFT_MLO_3,0,0.4,0.1987603305785124,0.2223239885313794,0.0965702479338843,-0.1257537405974951,0.023563657952867023
Calc-Test_P_00723_LEFT_MLO_3,0,0.6,0.0909504132231405,0.08787209682695453,0.03917355371900826,-0.04869854310794627,-0.0030783163961859705
Calc-Test_P_00723_LEFT_MLO_3,0,p75,0.5125344749516322,0.340924020144515,0.4799420009666506,0.13901798082213557,-0.17161045480711717
Calc-Test_P_00723_LEFT_MLO_4,0,0.2,0.2483749274521184,0.06695086084399061,0.12637921799678628,0.059428357152795666,-0.18142406660812777
Calc-Test_P_00723_LEFT_MLO_4,0,0.4,0.1802284203748263,0.036109872775282055,0.06659207269521582,0.030482199919933763,-0.14411854759954426
Calc-Test_P_00723_LEFT_MLO_4,0,0.6,0.11554859162627992,0.013751973338010875,0.03906358703214137,0.025311613694130493,-0.10179661828826905
Calc-Test_P_00723_LEFT_MLO_4,0,p75,0.22698949065319154,0.5388034119897959,0.10472548636503196,-0.4340779256247639,0.31181392133660435
Calc-Test_P_00753_LEFT_CC_1,0,0.2,0.5810114100577546,0.2742248062015504,0.11488905891354247,-0.15933574728800792,-0.3067866038562042
Calc-Test_P_00753_LEFT_CC_1,0,0.4,0.4627102693800729,0.1674007605394906,0.05941086814519892,-0.10798989239429169,-0.2953095088405823
Calc-Test_P_00753_LEFT_CC_1,0,0.6,0.33160136543515695,0.10285698169613898,0.023204454259852562,-0.07965252743628642,-0.22874438373901795
Calc-Test_P_00753_LEFT_CC_1,0,p75,0.3469049484660358,0.20203867566767972,0.2959955925421173,0.09395691687443761,-0.1448662727983561
Calc-Test_P_00774_RIGHT_CC_1,0,0.2,0.15702622893868334,0.0,0.003427536700510897,0.003427536700510897,-0.15702622893868334
Calc-Test_P_00774_RIGHT_CC_1,0,0.4,0.08817323709050527,0.0,0.0,0.0,-0.08817323709050527
Calc-Test_P_00774_RIGHT_CC_1,0,0.6,0.029812606473594547,0.0,0.0,0.0,-0.029812606473594547
Calc-Test_P_00774_RIGHT_CC_1,0,p75,0.20389209766342872,0.4811264349489796,0.04757009879504311,-0.4335563361539365,0.2772343372855509
Calc-Test_P_00789_LEFT_MLO_1,0,0.2,0.549529180188328,0.24817253670029601,0.34293393604349287,0.09476139934319686,-0.30135664348803193
Calc-Test_P_00789_LEFT_MLO_1,0,0.4,0.1198698194176435,0.017920578533367166,0.14997663395420255,0.13205605542083537,-0.10194924088427634
Calc-Test_P_00789_LEFT_MLO_1,0,0.6,0.04640019048185958,0.0003909049449475536,0.053497942386831275,0.05310703744188372,-0.046009285536912026
Calc-Test_P_00789_LEFT_MLO_1,0,p75,0.18786737430805228,0.256792657891559,0.3086668133664456,0.05187415547488661,0.06892528358350669
Calc-Test_P_00790_RIGHT_CC_1,0,0.2,0.2240564398415236,0.06783902133870856,0.05037930363742463,-0.017459717701283933,-0.15621741850281504
Calc-Test_P_00790_RIGHT_CC_1,0,0.4,0.10287064711197609,0.033641481893375964,0.025903136165144898,-0.007738345728231066,-0.06922916521860012
Calc-Test_P_00790_RIGHT_CC_1,0,0.6,0.039688607770904286,0.013206366858969903,0.010448864399946243,-0.0027575024590236596,-0.026482240911934383
Calc-Test_P_00790_RIGHT_CC_1,0,p75,0.40084760128835395,0.5734614158163265,0.5734614158163265,0.0,0.17261381452797253
Calc-Test_P_00795_LEFT_CC_1,0,0.2,0.46820032412348317,0.4070754716981132,0.2356609774858117,-0.1714144942123015,-0.06112485242536997
Calc-Test_P_00795_LEFT_CC_1,0,0.4,0.47919389228970355,0.21356128658359896,0.178901088783003,-0.034660197800595954,-0.2656326057061046
Calc-Test_P_00795_LEFT_CC_1,0,0.6,0.26644450883801796,0.0814981164879745,0.11536525421219389,0.033867137724219384,-0.18494639235004345
Calc-Test_P_00795_LEFT_CC_1,0,p75,0.5389288008877986,0.488597877624746,0.09078865659283793,-0.3978092210319081,-0.05033092326305261
Calc-Test_P_00811_LEFT_CC_1,0,0.2,0.0,0.0,0.1001843724843543,0.1001843724843543,0.0
Calc-Test_P_00811_LEFT_CC_1,0,0.4,0.0,0.0,0.05523170699246719,0.05523170699246719,0.0
Calc-Test_P_00811_LEFT_CC_1,0,0.6,0.0,0.0,0.028232712481267394,0.028232712481267394,0.0
Calc-Test_P_00811_LEFT_CC_1,0,p75,0.7340760522959183,0.7340760522959183,0.23210899291346443,-0.5019670593824539,0.0
Calc-Test_P_00827_RIGHT_CC_1,1,0.2,0.040171357709217995,0.0,0.04184132306988796,0.04184132306988796,-0.040171357709217995
Calc-Test_P_00827_RIGHT_CC_1,1,0.4,0.001370399373531715,0.0,0.0,0.0,-0.001370399373531715
Calc-Test_P_00827_RIGHT_CC_1,1,0.6,0.0,0.0,0.0,0.0,0.0
Calc-Test_P_00827_RIGHT_CC_1,1,p75,0.20351995835908782,0.06672051230276632,0.48696588010204084,0.4202453677992745,-0.1367994460563215
Calc-Test_P_00843_RIGHT_CC_1,0,0.2,0.04390015600624025,0.002217218084184999,0.30144124168514413,0.2992240236009591,-0.04168293792205525
Calc-Test_P_00843_RIGHT_CC_1,0,0.4,0.002899440578523673,0.0,0.07337842571882831,0.07337842571882831,-0.002899440578523673
Calc-Test_P_00843_RIGHT_CC_1,0,0.6,0.0,0.0,0.0,0.0,0.0
Calc-Test_P_00843_RIGHT_CC_1,0,p75,0.09037262778778224,0.5343789859693877,0.06893180151552188,-0.46544718445386585,0.4440063581816055
Calc-Test_P_00857_RIGHT_CC_1,1,0.2,0.5973391677164136,0.3694715644038849,0.03728474379904155,-0.33218682060484334,-0.2278676033125287
Calc-Test_P_00857_RIGHT_CC_1,1,0.4,0.23073956224086395,0.03149149413161018,0.025388614710617298,-0.006102879420992885,-0.19924806810925377
Calc-Test_P_00857_RIGHT_CC_1,1,0.6,0.02184681161687262,0.019726939023424088,0.016460144257444055,-0.003266794765980033,-0.0021198725934485317
Calc-Test_P_00857_RIGHT_CC_1,1,p75,0.21814699893338504,0.2897412199630314,0.1936986171173312,-0.09604260284570024,0.07159422102964638
Calc-Test_P_00876_LEFT_CC_1,1,0.2,0.0,0.6243433381462935,0.23456049886077468,-0.3897828392855188,0.6243433381462935
Calc-Test_P_00876_LEFT_CC_1,1,0.4,0.0,0.5548984405252226,0.14322260862613423,-0.4116758318990884,0.5548984405252226
Calc-Test_P_00876_LEFT_CC_1,1,0.6,0.0,0.21208975485107404,0.07818683295359156,-0.13390292189748249,0.21208975485107404
Calc-Test_P_00876_LEFT_CC_1,1,p75,0.4985849808673469,0.39538598707184786,0.4985849808673469,0.10319899379549907,-0.10319899379549907
Calc-Test_P_00879_RIGHT_CC_1,1,0.2,0.24344112263575352,0.0027825342465753423,0.0,-0.0027825342465753423,-0.24065858838917817
Calc-Test_P_00879_RIGHT_CC_1,1,0.4,0.009935786185352308,0.0,0.0,0.0,-0.009935786185352308
Calc-Test_P_00879_RIGHT_CC_1,1,0.6,0.0012927383764989079,0.0,0.0,0.0,-0.0012927383764989079
Calc-Test_P_00879_RIGHT_CC_1,1,p75,0.3015725462855372,0.27402661409561363,0.13657579652303323,-0.1374508175725804,-0.027545932189923572
Calc-Test_P_00905_RIGHT_CC_1,0,0.2,0.48362504511006854,0.27999815608721706,0.2883879592495275,0.008389803162310416,-0.20362688902285148
Calc-Test_P_00905_RIGHT_CC_1,0,0.4,0.26072926750564696,0.14147420826994883,0.1403678606001936,-0.001106347669755231,-0.11925505923569812
Calc-Test_P_00905_RIGHT_CC_1,0,0.6,0.12699949292398469,0.06513621905683861,0.06513621905683861,0.0,-0.061863273867146074
Calc-Test_P_00905_RIGHT_CC_1,0,p75,0.518944099378882,0.5444334175387947,0.5111003221962307,-0.03333309534256401,0.025489318159912733
Calc-Test_P_00906_LEFT_CC_2,1,0.2,0.03945530726256983,0.5063942174033917,0.4734042553191489,-0.03298996208424282,0.4669389101408219
Calc-Test_P_00906_LEFT_CC_2,1,0.4,0.0,0.37091102387962055,0.24252345912374265,-0.1283875647558779,0.37091102387962055
Calc-Test_P_00906_LEFT_CC_2,1,0.6,0.0,0.21021496417263788,0.146088366436968,-0.0641265977356699,0.21021496417263788
Calc-Test_P_00906_LEFT_CC_2,1,p75,0.2438908175073174,0.43039411373331765,0.24160891425465417,-0.18878519947866348,0.18650329622600026
Calc-Test_P_00906_LEFT_MLO_3,1,0.2,0.0,0.4083867672927424,0.0,-0.4083867672927424,0.4083867672927424
Calc-Test_P_00906_LEFT_MLO_3,1,0.4,0.0,0.3025010173099196,0.0,-0.3025010173099196,0.3025010173099196
Calc-Test_P_00906_LEFT_MLO_3,1,0.6,0.0,0.18533938504589972,0.0,-0.18533938504589972,0.18533938504589972
Calc-Test_P_00906_LEFT_MLO_3,1,p75,0.5207868303571429,0.25454132606721164,0.19781376768959216,-0.056727558377619475,-0.26624550428993127
Calc-Test_P_00919_RIGHT_CC_1,1,0.2,0.10465116279069768,0.5335338590358507,0.16284787098043071,-0.37068598805541997,0.428882696245153
Calc-Test_P_00919_RIGHT_CC_1,1,0.4,0.060527719643809756,0.534541030147357,0.07552365030976498,-0.459017379837592,0.4740133105035472
Calc-Test_P_00919_RIGHT_CC_1,1,0.6,0.029544756135036657,0.4168954593453009,0.03028813059297866,-0.3866073287523223,0.38735070321026427
Calc-Test_P_00919_RIGHT_CC_1,1,p75,0.14567436674680326,0.4033545303230763,0.4053332270408163,0.001978696717740036,0.257680163576273
Calc-Test_P_00974_RIGHT_CC_1,1,0.2,0.48088935944944416,0.5133862365031872,0.3839855002103764,-0.12940073629281074,0.03249687705374299
Calc-Test_P_00974_RIGHT_CC_1,1,0.4,0.0009171818737685984,0.17902713712334511,0.05100394714261198,-0.12802318998073314,0.1781099552495765
Calc-Test_P_00974_RIGHT_CC_1,1,0.6,0.0,0.029094464297754703,0.0,-0.029094464297754703,0.029094464297754703
Calc-Test_P_00974_RIGHT_CC_1,1,p75,0.24385830394111332,0.1982868114015655,0.33037003017976646,0.13208321877820095,-0.045571492539547814
Calc-Test_P_01004_LEFT_CC_1,0,0.2,0.15335039903628972,0.0,0.07484072078969675,0.07484072078969675,-0.15335039903628972
Calc-Test_P_01004_LEFT_CC_1,0,0.4,0.055286932179666626,0.0,0.036865564342199855,0.036865564342199855,-0.055286932179666626
Calc-Test_P_01004_LEFT_CC_1,0,0.6,0.019924646142357692,0.0,0.01364693095015247,0.01364693095015247,-0.019924646142357692
Calc-Test_P_01004_LEFT_CC_1,0,p75,0.2194214876033058,0.5732421875,0.0902684298044184,-0.4829737576955816,0.3538206998966942
Calc-Test_P_01004_LEFT_CC_2,0,0.2,0.23204792032524238,0.0,0.022794907194354962,0.022794907194354962,-0.23204792032524238
Calc-Test_P_01004_LEFT_CC_2,0,0.4,0.10860277295405055,0.0,0.009656453110492107,0.009656453110492107,-0.10860277295405055
Calc-Test_P_01004_LEFT_CC_2,0,0.6,0.042689904057741396,0.0,0.002526906878802059,0.002526906878802059,-0.042689904057741396
Calc-Test_P_01004_LEFT_CC_2,0,p75,0.1419318064048088,0.6283880739795918,0.6283880739795918,0.0,0.48645626757478305
Calc-Test_P_01006_LEFT_CC_1,0,0.2,0.11045777791460148,0.06089872985311015,0.0864070935247459,0.025508363671635753,-0.049559048061491334
Calc-Test_P_01006_LEFT_CC_1,0,0.4,0.06304369074381781,0.03451931358908103,0.04820139205099851,0.013682078461917477,-0.028524377154736782
Calc-Test_P_01006_LEFT_CC_1,0,0.6,0.03120077750594859,0.01648723677974135,0.023882793684773883,0.007395556905032533,-0.01471354072620724
Calc-Test_P_01006_LEFT_CC_1,0,p75,0.18921535132672818,0.17908552074513123,0.15787139689578714,-0.021214123849344096,-0.010129830581596944
Calc-Test_P_01022_LEFT_CC_1,0,0.2,0.2618331616889804,0.018381180223285488,0.09566063659262651,0.07727945636934103,-0.2434519814656949
Calc-Test_P_01022_LEFT_CC_1,0,0.4,0.1464526800482811,0.0,0.0,0.0,-0.1464526800482811
Calc-Test_P_01022_LEFT_CC_1,0,0.6,0.07322634002414055,0.0,0.0,0.0,-0.07322634002414055
Calc-Test_P_01022_LEFT_CC_1,0,p75,0.33879131835263443,0.07487454203996183,0.07487454203996183,0.0,-0.26391677631267263
Calc-Test_P_01030_RIGHT_CC_1,0,0.2,0.6478263413492481,0.719775327077197,0.7000194539913106,-0.019755873085886444,0.07194898572794894
Calc-Test_P_01030_RIGHT_CC_1,0,0.4,0.5552186765709088,0.5061408192844611,0.5068040285999846,0.0006632093155235497,-0.04907785728644776
Calc-Test_P_01030_RIGHT_CC_1,0,0.6,0.32231596872822976,0.29901695177645327,0.278117501354594,-0.020899450421859256,-0.023299016951776497
Calc-Test_P_01030_RIGHT_CC_1,0,p75,0.6778465998945704,0.7250186301741074,0.7001535278018823,-0.024865102372225056,0.04717203027953698
Calc-Test_P_01030_RIGHT_CC_2,0,0.2,0.6652728873239436,0.48851247305204804,0.48442222738897933,-0.004090245663068703,-0.1767604142718956
Calc-Test_P_01030_RIGHT_CC_2,0,0.4,0.4043116723129042,0.2535263319987681,0.28198336926393597,0.02845703726516785,-0.1507853403141361
Calc-Test_P_01030_RIGHT_CC_2,0,0.6,0.19778256852479212,0.11881736987988913,0.14536495226362797,0.026547582383738846,-0.07896519864490299
Calc-Test_P_01030_RIGHT_CC_2,0,p75,0.6377760072843159,0.6255648441030276,0.4937714107754594,-0.1317934333275682,-0.012211163181288343
Calc-Test_P_01042_RIGHT_CC_1,0,0.2,0.09751635608198195,0.055892433430002636,0.23969341539890837,0.18380098196890574,-0.04162392265197931
Calc-Test_P_01042_RIGHT_CC_1,0,0.4,0.04933180366500264,0.030921091752393413,0.11271372336909162,0.08179263161669821,-0.018410711912609224
Calc-Test_P_01042_RIGHT_CC_1,0,0.6,0.02024743418808719,0.014640318110615736,0.07451186681932111,0.05987154870870537,-0.005607116077471453
Calc-Test_P_01042_RIGHT_CC_1,0,p75,0.27045577015797384,0.6427574936224489,0.28953883355403304,-0.3532186600684159,0.3723017234644751
Calc-Test_P_01050_LEFT_MLO_1,1,0.2,0.2990470751989721,0.1309969377339231,0.052139242447477384,-0.0788576952864457,-0.16805013746504902
Calc-Test_P_01050_LEFT_MLO_1,1,0.4,0.1808882032962572,0.0009029522613065327,0.02198448154244063,0.021081529281134097,-0.17998525103495067
Calc-Test_P_01050_LEFT_MLO_1,1,0.6,0.03137399271894302,0.0,0.010281751882995257,0.010281751882995257,-0.03137399271894302
Calc-Test_P_01050_LEFT_MLO_1,1,p75,0.29820691618044687,0.2769010043041607,0.3496319857972408,0.0727309814930801,-0.021305911876286165
Calc-Test_P_01058_LEFT_CC_1,1,0.2,0.030807206514073218,0.028295461581326235,0.0,-0.028295461581326235,-0.0025117449327469836
Calc-Test_P_01058_LEFT_CC_1,1,0.4,0.0023813516686231762,0.0024760757545338953,0.0,-0.0024760757545338953,9.47240859107191e-05
Calc-Test_P_01058_LEFT_CC_1,1,0.6,0.0,0.0,0.0,0.0,0.0
Calc-Test_P_01058_LEFT_CC_1,1,p75,0.1719019572847879,0.10271013354281225,0.018244959311667443,-0.0844651742311448,-0.06919182374197566
Calc-Test_P_01067_LEFT_CC_1,1,0.2,0.28906698564593303,0.4104427297924938,0.5272120559741658,0.11676932618167196,0.12137574414656077
Calc-Test_P_01067_LEFT_CC_1,1,0.4,0.1778582237915789,0.16945433617495773,0.3477773740310077,0.17832303785605,-0.00840388761662117
Calc-Test_P_01067_LEFT_CC_1,1,0.6,0.016691358024691356,0.050904549239270305,0.1728804614166698,0.12197591217739949,0.03421319121457895
Calc-Test_P_01067_LEFT_CC_1,1,p75,0.15168420095200558,0.2735102888933575,0.2976906258540585,0.024180336960700988,0.12182608794135191
Calc-Test_P_01092_LEFT_CC_1,1,0.2,0.20718428216356966,0.4812926568538771,0.4420695903097004,-0.03922306654417673,0.27410837469030747
Calc-Test_P_01092_LEFT_CC_1,1,0.4,0.15079283537107435,0.0,0.31614186785017406,0.31614186785017406,-0.15079283537107435
Calc-Test_P_01092_LEFT_CC_1,1,0.6,0.10141491098499572,0.0,0.19675537441061297,0.19675537441061297,-0.10141491098499572
Calc-Test_P_01092_LEFT_CC_1,1,p75,0.16920038867818074,0.28274699955294197,0.3877892700349728,0.10504227048203085,0.11354661087476123
Calc-Test_P_01132_RIGHT_MLO_1,0,0.2,0.31679353880430744,0.15237623762376237,0.21806598286983186,0.06568974524606949,-0.16441730118054507
Calc-Test_P_01132_RIGHT_MLO_1,0,0.4,0.20413806725593797,0.07435643564356435,0.045056056646716684,-0.02930037899684767,-0.1297816316123736
Calc-Test_P_01132_RIGHT_MLO_1,0,0.6,0.11336633663366337,0.03,0.0,-0.03,-0.08336633663366337
Calc-Test_P_01132_RIGHT_MLO_1,0,p75,0.4062271848829719,0.3581501451679801,0.11349109207126343,-0.24465905309671668,-0.048077039714991776
Calc-Test_P_01148_RIGHT_MLO_1,1,0.2,0.23566916067425545,0.0,0.04940690343034232,0.04940690343034232,-0.23566916067425545
Calc-Test_P_01148_RIGHT_MLO_1,1,0.4,0.0,0.0,0.0,0.0,0.0
Calc-Test_P_01148_RIGHT_MLO_1,1,0.6,0.0,0.0,0.0,0.0,0.0
Calc-Test_P_01148_RIGHT_MLO_1,1,p75,0.1556702260931814,0.10671959334037753,0.34121434505677095,0.23449475171639342,-0.04895063275280387
Calc-Test_P_01152_RIGHT_CC_2,0,0.2,0.3614985278165194,0.4454530612244898,0.4699718579725765,0.024518796748086713,0.08395453340797038
Calc-Test_P_01152_RIGHT_CC_2,0,0.4,0.15966878881381089,0.1937366271153472,0.14880220558101412,-0.04493442153433308,0.03406783830153631
Calc-Test_P_01152_RIGHT_CC_2,0,0.6,0.07268679451626762,0.08249033316408233,0.04390110533921806,-0.03858922782486427,0.009803538647814705
Calc-Test_P_01152_RIGHT_CC_2,0,p75,0.4322670271082076,0.3970189701897019,0.3431096401661855,-0.05390933002351639,-0.03524805691850569
Calc-Test_P_01154_LEFT_CC_1,1,0.2,0.5418250950570342,0.7185243296522037,0.0033807689283748723,-0.7151435607238288,0.17669923459516945
Calc-Test_P_01154_LEFT_CC_1,1,0.4,0.4152306565779839,0.6801578861256544,0.0,-0.6801578861256544,0.2649272295476705
Calc-Test_P_01154_LEFT_CC_1,1,0.6,0.2301128331662683,0.2974914587915945,0.0,-0.2974914587915945,0.0673786256253262
Calc-Test_P_01154_LEFT_CC_1,1,p75,0.23722384540468502,0.1933489924588948,0.21159784109451488,0.01824884863562007,-0.043874852945790216
Calc-Test_P_01157_RIGHT_CC_1,1,0.2,0.13098199478796493,0.5177696949992888,0.17466947028833135,-0.34310022471095747,0.3867877002113239
Calc-Test_P_01157_RIGHT_CC_1,1,0.4,0.0,0.3266978391138551,0.0,-0.3266978391138551,0.3266978391138551
Calc-Test_P_01157_RIGHT_CC_1,1,0.6,0.0,0.20628446691176472,0.0,-0.20628446691176472,0.20628446691176472
Calc-Test_P_01157_RIGHT_CC_1,1,p75,0.12971158701398997,0.16394295507406048,0.1274716153321673,-0.03647133974189318,0.034231368060070516
Calc-Test_P_01179_LEFT_MLO_2,1,0.2,0.38371951959238143,0.25507163687080003,0.05832059957796697,-0.19675103729283305,-0.1286478827215814
Calc-Test_P_01179_LEFT_MLO_2,1,0.4,0.2790922927909229,0.13262532168617927,0.0,-0.13262532168617927,-0.14646697110474363
Calc-Test_P_01179_LEFT_MLO_2,1,0.6,0.09824902723735408,0.05635219188796603,0.0,-0.05635219188796603,-0.041896835349388054
Calc-Test_P_01179_LEFT_MLO_2,1,p75,0.3082706766917293,0.24563506203232807,0.30787021291068634,0.062235150878358264,-0.06263561465940123
Calc-Test_P_01211_LEFT_CC_1,0,0.2,0.4728555917480999,0.4551901998710509,0.4173414611955236,-0.037848738675527294,-0.017665391877048964
Calc-Test_P_01211_LEFT_CC_1,0,0.4,0.4879161737366909,0.2842263395092639,0.24982191920219804,-0.034404420307065864,-0.20368983422742698
Calc-Test_P_01211_LEFT_CC_1,0,0.6,0.43063186813186816,0.13981794006341414,0.1017694589342334,-0.03804848112918073,-0.290813928068454
Calc-Test_P_01211_LEFT_CC_1,0,p75,0.46597924602653357,0.4136162127929069,0.46127659574468083,0.04766038295177394,-0.05236303323362668
Calc-Test_P_01211_RIGHT_CC_1,0,0.2,0.6309571754597932,0.6323322577976338,0.6611557712725618,0.028823513474927953,0.0013750823378405608
Calc-Test_P_01211_RIGHT_CC_1,0,0.4,0.5980814057737135,0.4373955043655954,0.4767431234579183,0.03934761909232293,-0.16068590140811811
Calc-Test_P_01211_RIGHT_CC_1,0,0.6,0.315627045730852,0.21574862059291125,0.2546525764518844,0.03890395585897313,-0.09987842513794074
Calc-Test_P_01211_RIGHT_CC_1,0,p75,0.6424229573084534,0.6409151896052538,0.6597857142857143,0.018870524680460465,-0.0015077677031996028
Calc-Test_P_01211_RIGHT_CC_2,0,0.2,0.5485877815105139,0.52431870498255,0.29290041812441336,-0.2314182868581366,-0.02426907652796395
Calc-Test_P_01211_RIGHT_CC_2,0,0.4,0.39460895975702354,0.284093632659583,0.2683913975081343,-0.015702235151448696,-0.11051532709744055
Calc-Test_P_01211_RIGHT_CC_2,0,0.6,0.24391415759128762,0.14190061310100033,0.1317442422290224,-0.010156370871977932,-0.1020135444902873
Calc-Test_P_01211_RIGHT_CC_2,0,p75,0.5486219125241087,0.6076341794225926,0.32900848950824924,-0.27862568991434333,0.05901226689848382
Calc-Test_P_01217_RIGHT_CC_1,1,0.2,0.08602037876208188,0.5818917410714286,0.42771531135965823,-0.15417642971177037,0.4958713623093467
Calc-Test_P_01217_RIGHT_CC_1,1,0.4,0.04370125974805039,0.18471352572854385,0.0,-0.18471352572854385,0.14101226598049346
Calc-Test_P_01217_RIGHT_CC_1,1,0.6,0.02465865733295494,0.0,0.0,0.0,-0.02465865733295494
Calc-Test_P_01217_RIGHT_CC_1,1,p75,0.08856434998044073,0.0685559224841922,0.30342867849113164,0.23487275600693944,-0.020008427496248524
Calc-Test_P_01224_RIGHT_CC_1,0,0.2,0.31978353888749056,0.14372686137392018,0.19338411683009973,0.04965725545617955,-0.17605667751357038
Calc-Test_P_01224_RIGHT_CC_1,0,0.4,0.17586308645618176,0.06963706107996459,0.09315853812755553,0.023521477047590944,-0.10622602537621717
Calc-Test_P_01224_RIGHT_CC_1,0,0.6,0.08308392699068415,0.028242633730978375,0.03861231716056148,0.010369683429583106,-0.05484129325970577
Calc-Test_P_01224_RIGHT_CC_1,0,p75,0.4209062781498453,0.3662698711670308,0.2703043463033657,-0.09596552486366511,-0.05463640698281452
Calc-Test_P_01237_LEFT_CC_1,0,0.2,0.5824194084413427,0.36958403759739455,0.4646156224635721,0.09503158486617752,-0.2128353708439481
Calc-Test_P_01237_LEFT_CC_1,0,0.4,0.2841610082989393,0.22022332506203474,0.282699128607085,0.06247580354505028,-0.06393768323690457
Calc-Test_P_01237_LEFT_CC_1,0,0.6,0.1102439459483566,0.10538286580742987,0.11510502608928333,0.009722160281853465,-0.004861080140926732
Calc-Test_P_01237_LEFT_CC_1,0,p75,0.5200399930446878,0.4008653499459156,0.4273410074291779,0.026475657483262305,-0.11917464309877224
Calc-Test_P_01253_RIGHT_CC_1,1,0.2,0.6185124698978604,0.5646256810887468,0.6523208166590784,0.0876951355703316,-0.05388678880911357
Calc-Test_P_01253_RIGHT_CC_1,1,0.4,0.44710823344124595,0.09314739254373708,0.21051873198847262,0.11737133944473555,-0.3539608408975089
Calc-Test_P_01253_RIGHT_CC_1,1,0.6,0.2963567949129306,0.0,0.057112854767669106,0.057112854767669106,-0.2963567949129306
Calc-Test_P_01253_RIGHT_CC_1,1,p75,0.3658956334043112,0.264876691607466,0.3206328614135033,0.05575616980603726,-0.10101894179684517
Calc-Test_P_01272_LEFT_CC_1,0,0.2,0.0,0.0,0.0,0.0,0.0
Calc-Test_P_01272_LEFT_CC_1,0,0.4,0.0,0.0,0.0,0.0,0.0
Calc-Test_P_01272_LEFT_CC_1,0,0.6,0.0,0.0,0.0,0.0,0.0
Calc-Test_P_01272_LEFT_CC_1,0,p75,0.4906728316326531,0.4906728316326531,0.4906728316326531,0.0,0.0
Calc-Test_P_01272_LEFT_CC_2,0,0.2,0.36138396129599765,0.5102107820605424,0.0897377810500085,-0.42047300101053386,0.14882682076454473
Calc-Test_P_01272_LEFT_CC_2,0,0.4,0.2595315384125772,0.35494914168903774,0.02297925608011445,-0.33196988560892327,0.09541760327646054
Calc-Test_P_01272_LEFT_CC_2,0,0.6,0.14116530899335886,0.10823932600314151,0.0010122417992597982,-0.10722708420388172,-0.032925982990217345
Calc-Test_P_01272_LEFT_CC_2,0,p75,0.3027701789139389,0.16011424731182797,0.14087842489329477,-0.019235822418533194,-0.14265593160211096
Calc-Test_P_01303_LEFT_CC_1,1,0.2,0.26958220221148116,0.5298400117422575,0.37207750952986024,-0.15776250221239724,0.2602578095307763
Calc-Test_P_01303_LEFT_CC_1,1,0.4,0.21469492408156723,0.0,0.10622583005260774,0.10622583005260774,-0.21469492408156723
Calc-Test_P_01303_LEFT_CC_1,1,0.6,0.11293618044148872,0.0,0.02144801306477953,0.02144801306477953,-0.11293618044148872
Calc-Test_P_01303_LEFT_CC_1,1,p75,0.26973060782455666,0.19097519926328158,0.25304867862750996,0.062073479364228384,-0.07875540856127508
Calc-Test_P_01308_LEFT_MLO_1,0,0.2,0.3185278605824352,0.14191859316340644,0.18427447861435137,0.04235588545094493,-0.17660926741902877
Calc-Test_P_01308_LEFT_MLO_1,0,0.4,0.18852332802956423,0.019370133893693256,0.04582316547117257,0.026453031577479316,-0.169153194135871
Calc-Test_P_01308_LEFT_MLO_1,0,0.6,0.06849665765893899,0.0027728613569321533,0.0064929468210417444,0.003720085464109591,-0.06572379630200684
Calc-Test_P_01308_LEFT_MLO_1,0,p75,0.1246051246051246,0.06895932246888233,0.04156039009752438,-0.027398932371357945,-0.055645802136242276
Calc-Test_P_01318_LEFT_MLO_1,0,0.2,0.3554211808180062,0.2682948649132224,0.3725377362666549,0.10424287135343246,-0.08712631590478381
Calc-Test_P_01318_LEFT_MLO_1,0,0.4,0.22676213918102484,0.1350226082284998,0.16739042843712226,0.03236782020862247,-0.09173953095252504
Calc-Test_P_01318_LEFT_MLO_1,0,0.6,0.11411559296234947,0.06316873349151632,0.08582173076062138,0.022652997269105066,-0.05094685947083315
Calc-Test_P_01318_LEFT_MLO_1,0,p75,0.3863672496025437,0.4266148814390842,0.4292562999385372,0.0026414184994529855,0.04024763183654051
Calc-Test_P_01320_LEFT_MLO_1,0,0.2,0.10533647663951994,0.021310742192638586,0.006679916087004527,-0.01463082610563406,-0.08402573444688136
Calc-Test_P_01320_LEFT_MLO_1,0,0.4,0.03776545380765589,0.006491938728974972,0.00019542700801250732,-0.0062965117209624645,-0.03127351507868092
Calc-Test_P_01320_LEFT_MLO_1,0,0.6,0.007836990595611285,8.202548258325587e-05,0.0,-8.202548258325587e-05,-0.007754965113028029
Calc-Test_P_01320_LEFT_MLO_1,0,p75,0.2452939932318105,0.6886559311224489,0.6886559311224489,0.0,0.44336193789063844
Calc-Test_P_01352_LEFT_CC_1,0,0.2,0.47561544441565173,0.1983099796769708,0.4356295378076855,0.23731955813071468,-0.2773054647386809
Calc-Test_P_01352_LEFT_CC_1,0,0.4,0.20947030497592295,0.08394863563402889,0.19357945425361156,0.10963081861958267,-0.12552166934189407
Calc-Test_P_01352_LEFT_CC_1,0,0.6,0.09213483146067415,0.033386837881219905,0.08319957196361691,0.049812734082397,-0.05874799357945425
Calc-Test_P_01352_LEFT_CC_1,0,p75,0.5996107753764212,0.31301496552883806,0.42914664836421873,0.11613168283538067,-0.2865958098475831
Calc-Test_P_01353_LEFT_CC_1,0,0.2,0.3965858692923489,0.07409407417933779,0.01902213431837352,-0.05507193986096427,-0.3224917951130111
Calc-Test_P_01353_LEFT_CC_1,0,0.4,0.26466999767604,0.03029075654563865,0.010347549033936454,-0.0199432075117022,-0.23437924113040134
Calc-Test_P_01353_LEFT_CC_1,0,0.6,0.13631608834693207,0.0016069654648512826,0.004844250022019318,0.0032372845571680357,-0.13470912288208078
Calc-Test_P_01353_LEFT_CC_1,0,p75,0.3162894503419268,0.6668327487244898,0.6668327487244898,0.0,0.35054329838256304
Calc-Test_P_01390_RIGHT_CC_1,1,0.2,0.3676283135194194,0.35448860975676943,0.3351150546543015,-0.01937355510246791,-0.013139703762649946
Calc-Test_P_01390_RIGHT_CC_1,1,0.4,0.17855192434825098,0.15784640110205486,0.15968460163939077,0.00183820053733591,-0.020705523246196122
Calc-Test_P_01390_RIGHT_CC_1,1,0.6,0.08381351492928235,0.07143892189537748,0.07454899186416696,0.0031100699687894723,-0.012374593033904868
Calc-Test_P_01390_RIGHT_CC_1,1,p75,0.28951547741773703,0.2968868215316502,0.27300731613400075,-0.023879505397649436,0.007371344113913159
Calc-Test_P_01390_RIGHT_CC_2,1,0.2,0.34086267868705483,0.4096784885647995,0.0326532844719138,-0.3770252040928857,0.06881580987774466
Calc-Test_P_01390_RIGHT_CC_2,1,0.4,0.016343350527023997,0.2819588721645113,0.012989934206826745,-0.26896893795768456,0.2656155216374873
Calc-Test_P_01390_RIGHT_CC_2,1,0.6,0.006656324918911296,0.10660146699266504,0.006044685478631754,-0.10055678151403329,0.09994514207375374
Calc-Test_P_01390_RIGHT_CC_2,1,p75,0.24772577455504285,0.2590720442694477,0.2609251758686847,0.0018531315992370012,0.011346269714404833
Calc-Test_P_01399_RIGHT_CC_1,0,0.2,0.14586193983273,0.5124192689645594,0.19663587567095245,-0.31578339329360694,0.36655732913182937
Calc-Test_P_01399_RIGHT_CC_1,0,0.4,0.06522281862439146,0.3171782575886663,0.08394707277493446,-0.23323118481373184,0.25195543896427486
Calc-Test_P_01399_RIGHT_CC_1,0,0.6,0.026151541630258394,0.18251928020565553,0.035232804893271755,-0.14728647531238376,0.15636773857539712
Calc-Test_P_01399_RIGHT_CC_1,0,p75,0.2940561876015788,0.21107097264850477,0.3805616620738768,0.16949068942537204,-0.08298521495307404
Calc-Test_P_01407_LEFT_CC_1,0,0.2,0.35252839470447805,0.21598061202343918,0.3245677494031686,0.10858713737972944,-0.13654778268103887
Calc-Test_P_01407_LEFT_CC_1,0,0.4,0.2052738189973233,0.1294581494610432,0.16581060551255156,0.03635245605150836,-0.0758156695362801
Calc-Test_P_01407_LEFT_CC_1,0,0.6,0.12226000144686393,0.06825580554148883,0.09230991825218839,0.024054112710699557,-0.0540041959053751
Calc-Test_P_01407_LEFT_CC_1,0,p75,0.4537365260797222,0.4537365260797222,0.4537365260797222,0.0,0.0
Calc-Test_P_01407_RIGHT_CC_1,0,0.2,0.21486368728992905,0.1983783412354841,0.2667457343863716,0.06836739315088752,-0.01648534605444496
Calc-Test_P_01407_RIGHT_CC_1,0,0.4,0.0916709777547853,0.12550439730988103,0.10270508027270728,-0.02279931703717375,0.03383341955509572
Calc-Test_P_01407_RIGHT_CC_1,0,0.6,0.04145542334885325,0.07028798068632523,0.009073107049608354,-0.06121487363671688,0.028832557337471983
Calc-Test_P_01407_RIGHT_CC_1,0,p75,0.2652657225521547,0.3147550322825674,0.21979796793328243,-0.09495706434928497,0.04948930973041271
Calc-Test_P_01414_RIGHT_CC_1,0,0.2,0.24824610326709132,0.2807744099189512,0.21883550399474663,-0.06193890592420456,0.03252830665185988
Calc-Test_P_01414_RIGHT_CC_1,0,0.4,0.12433318432424378,0.16677474503330778,0.05727909402473551,-0.10949565100857227,0.04244156070906399
Calc-Test_P_01414_RIGHT_CC_1,0,0.6,0.06043808672329012,0.07274623752048875,0.02241096706899121,-0.05033527045149755,0.012308150797198637
Calc-Test_P_01414_RIGHT_CC_1,0,p75,0.3292292609786338,0.25490676466585,0.2442039351164611,-0.010702829549388893,-0.07432249631278381
Calc-Test_P_01415_RIGHT_MLO_1,0,0.2,0.11249074634901407,0.11367243594588466,0.11087067934627869,-0.0028017565996059784,0.0011816895968705943
Calc-Test_P_01415_RIGHT_MLO_1,0,0.4,0.07357075913776945,0.031319054903960565,0.045431951486231234,0.014112896582270669,-0.04225170423380888
Calc-Test_P_01415_RIGHT_MLO_1,0,0.6,0.032851087357169184,0.011560955705671668,0.01392841096300734,0.002367455257335671,-0.021290131651497516
Calc-Test_P_01415_RIGHT_MLO_1,0,p75,0.11397970315030909,0.19374269213053183,0.06317649657609896,-0.13056619555443288,0.07976298898022274
Calc-Test_P_01419_LEFT_CC_1,1,0.2,0.46999229159784167,0.0,0.0006665050896752302,0.0006665050896752302,-0.46999229159784167
Calc-Test_P_01419_LEFT_CC_1,1,0.4,0.3980670863663191,0.0,0.0,0.0,-0.3980670863663191
Calc-Test_P_01419_LEFT_CC_1,1,0.6,0.19650666810647374,0.0,0.0,0.0,-0.19650666810647374
Calc-Test_P_01419_LEFT_CC_1,1,p75,0.15186982586354553,0.13336517390571445,0.07593214914386302,-0.05743302476185143,-0.018504651957831075
Calc-Test_P_01425_LEFT_CC_1,1,0.2,0.3485836162095587,0.2773578880136257,0.6576736181413242,0.3803157301276985,-0.07122572819593298
Calc-Test_P_01425_LEFT_CC_1,1,0.4,0.23678676573671667,0.15183216783216782,0.41186013986013986,0.260027972027972,-0.08495459790454885
Calc-Test_P_01425_LEFT_CC_1,1,0.6,0.16783103168155972,0.06355244755244756,0.20772027972027973,0.1441678321678322,-0.10427858412911216
Calc-Test_P_01425_LEFT_CC_1,1,p75,0.30034625742743554,0.4000092030185901,0.6201864181091877,0.22017721509059762,0.09966294559115457
Calc-Test_P_01460_LEFT_CC_1,0,0.2,0.19916085012940163,0.0,0.13187152563310686,0.13187152563310686,-0.19916085012940163
Calc-Test_P_01460_LEFT_CC_1,0,0.4,0.12873218304576145,0.0,0.020361622414073955,0.020361622414073955,-0.12873218304576145
Calc-Test_P_01460_LEFT_CC_1,0,0.6,0.08342176630114373,0.0,0.0,0.0,-0.08342176630114373
Calc-Test_P_01460_LEFT_CC_1,0,p75,0.12751677852348994,0.0,0.13443598406535223,0.13443598406535223,-0.12751677852348994
Calc-Test_P_01460_LEFT_MLO_2,0,0.2,0.10647191011235956,0.18781072443181818,0.05672600863794375,-0.13108471579387443,0.08133881431945862
Calc-Test_P_01460_LEFT_MLO_2,0,0.4,0.07506580279408787,0.12514004578888402,0.028703201302224635,-0.09643684448665939,0.05007424299479615
Calc-Test_P_01460_LEFT_MLO_2,0,0.6,0.043609101948154795,0.05728331177231565,0.01198100706713781,-0.04530230470517784,0.013674209824160857
Calc-Test_P_01460_LEFT_MLO_2,0,p75,0.20012611334436825,0.21463044952335367,0.35690369897959184,0.14227324945623818,0.014504336178985416
Calc-Test_P_01460_RIGHT_CC_1,0,0.2,0.20140605261712527,0.046798572246948396,0.17554620343839542,0.12874763119144703,-0.15460748037017688
Calc-Test_P_01460_RIGHT_CC_1,0,0.4,0.12990313938311465,0.03343500028773666,0.057747448101846545,0.024312447814109885,-0.09646813909537799
Calc-Test_P_01460_RIGHT_CC_1,0,0.6,0.09286751276167284,0.016179898532839708,0.0,-0.016179898532839708,-0.07668761422883313
Calc-Test_P_01460_RIGHT_CC_1,0,p75,0.0929512732729916,0.04647507858105074,0.13749511909410386,0.09102004051305312,-0.046476194691940864
Calc-Test_P_01460_RIGHT_MLO_2,0,0.2,0.43648011080812016,0.276152078727186,0.21025707720986692,-0.06589500151731909,-0.16032803208093416
Calc-Test_P_01460_RIGHT_MLO_2,0,0.4,0.2300689296397451,0.16820566176789353,0.09650149564312654,-0.07170416612476699,-0.06186326787185156
Calc-Test_P_01460_RIGHT_MLO_2,0,0.6,0.12216586465513504,0.09455065678241643,0.03849655351801275,-0.05605410326440369,-0.02761520787271861
Calc-Test_P_01460_RIGHT_MLO_2,0,p75,0.5095803306485799,0.5239216021910305,0.41365079365079366,-0.1102708085402368,0.014341271542450573
Calc-Test_P_01465_LEFT_MLO_1,0,0.2,0.4720697449144333,0.03214863687289929,0.035691523263224986,0.0035428863903256974,-0.43992110804153406
Calc-Test_P_01465_LEFT_MLO_1,0,0.4,0.1787562299609536,0.01022140835691693,0.0012218883128034081,-0.008999520044113522,-0.16853482160403668
Calc-Test_P_01465_LEFT_MLO_1,0,0.6,0.010566890410048515,0.00027948574622694243,0.0,-0.00027948574622694243,-0.010287404663821572
Calc-Test_P_01465_LEFT_MLO_1,0,p75,0.2454651199346097,0.5395607461734694,0.04549532907584314,-0.49406541709762625,0.29409562623885965
Calc-Test_P_01471_RIGHT_CC_1,1,0.2,0.0,0.24284538721770138,0.4426758312984233,0.19983044408072193,0.24284538721770138
Calc-Test_P_01471_RIGHT_CC_1,1,0.4,0.0,0.1989763627858342,0.054752744674861596,-0.1442236181109726,0.1989763627858342
Calc-Test_P_01471_RIGHT_CC_1,1,0.6,0.0,0.15908787393162394,0.0,-0.15908787393162394,0.15908787393162394
Calc-Test_P_01471_RIGHT_CC_1,1,p75,0.32662741249591104,0.1310984109283524,0.2857256083062535,0.1546271973779011,-0.19552900156755865
Calc-Test_P_01476_RIGHT_CC_1,0,0.2,0.2242912165879934,0.0,0.0,0.0,-0.2242912165879934
Calc-Test_P_01476_RIGHT_CC_1,0,0.4,0.12238233619940682,0.0,0.0,0.0,-0.12238233619940682
Calc-Test_P_01476_RIGHT_CC_1,0,0.6,0.05324283089952362,0.0,0.0,0.0,-0.05324283089952362
Calc-Test_P_01476_RIGHT_CC_1,0,p75,0.25084015510555796,0.6179049744897959,0.6179049744897959,0.0,0.3670648193842379
Calc-Test_P_01483_LEFT_CC_1,1,0.2,0.4991654443376663,0.4179100964932925,0.35237035503571057,-0.06553974145758196,-0.08125534784437377
Calc-Test_P_01483_LEFT_CC_1,1,0.4,0.29774350481316636,0.21024744071197077,0.19177621364248007,-0.018471227069490698,-0.08749606410119559
Calc-Test_P_01483_LEFT_CC_1,1,0.6,0.18020908808611946,0.06560502989074418,0.04572508021943898,-0.0198799496713052,-0.11460405819537528
Calc-Test_P_01483_LEFT_CC_1,1,p75,0.3246040782527689,0.28860918816865955,0.3246040782527689,0.03599489008410933,-0.03599489008410933
Calc-Test_P_01490_LEFT_CC_1,0,0.2,0.10574733582293469,0.0026241164769120074,0.09545154153377583,0.09282742505686382,-0.10312321934602268
Calc-Test_P_01490_LEFT_CC_1,0,0.4,0.024227263381536565,0.0,0.01045201574589385,0.01045201574589385,-0.024227263381536565
Calc-Test_P_01490_LEFT_CC_1,0,0.6,0.0,0.0,0.0,0.0,0.0
Calc-Test_P_01490_LEFT_CC_1,0,p75,0.06978861788617886,0.11217797011292177,0.03546590301161217,-0.0767120671013096,0.04238935222674291
Calc-Test_P_01502_LEFT_CC_2,1,0.2,0.2166289592760181,0.4396800297646731,0.41948540040474125,-0.020194629359931826,0.22305107048865497
Calc-Test_P_01502_LEFT_CC_2,1,0.4,0.09561498514260323,0.019634615909773615,0.13659059493920844,0.11695597902943483,-0.07598036923282962
Calc-Test_P_01502_LEFT_CC_2,1,0.6,0.02937760276495085,0.00014095227356017252,0.0016737367616079415,0.001532784488047769,-0.029236650491390674
Calc-Test_P_01502_LEFT_CC_2,1,p75,0.1550854475645562,0.15345095483935642,0.26969019835029934,0.11623924351094292,-0.0016344927251997765
Calc-Test_P_01523_LEFT_MLO_1,0,0.2,0.12438901061857408,0.024974933916689455,0.0,-0.024974933916689455,-0.09941407670188462
Calc-Test_P_01523_LEFT_MLO_1,0,0.4,0.06152145883219746,0.0,0.0,0.0,-0.06152145883219746
Calc-Test_P_01523_LEFT_MLO_1,0,0.6,0.016918967052537846,0.0,0.0,0.0,-0.016918967052537846
Calc-Test_P_01523_LEFT_MLO_1,0,p75,0.07969940728196444,0.1702868068833652,0.3599131058673469,0.18962629898398173,0.09058739960140076
Calc-Test_P_01534_LEFT_CC_1,1,0.2,0.10181396023799158,0.5359678230266466,0.35828439597315437,-0.17768342705349222,0.434153862788655
Calc-Test_P_01534_LEFT_CC_1,1,0.4,0.0,0.0,0.10465651257960627,0.10465651257960627,0.0
Calc-Test_P_01534_LEFT_CC_1,1,0.6,0.0,0.0,0.04052777852729284,0.04052777852729284,0.0
Calc-Test_P_01534_LEFT_CC_1,1,p75,0.24143755018412383,0.09342535238745549,0.09755500624097506,0.0041296538535195715,-0.14801219779666835
Calc-Test_P_01535_LEFT_CC_1,0,0.2,0.6071861410137592,0.09823362208987547,0.14444318568029907,0.046209563590423594,-0.5089525189238837
Calc-Test_P_01535_LEFT_CC_1,0,0.4,0.3337498958593685,0.019363504085363577,0.03299856527977044,0.013635061194406866,-0.3143863917740049
Calc-Test_P_01535_LEFT_CC_1,0,0.6,0.13496625843539115,0.0,0.000690256484778028,0.000690256484778028,-0.13496625843539115
Calc-Test_P_01535_LEFT_CC_1,0,p75,0.47714874530246093,0.15125362227541891,0.05373771153458068,-0.09751591074083824,-0.32589512302704204
Calc-Test_P_01536_RIGHT_CC_1,1,0.2,0.0,0.12269301446110416,0.6232103156958648,0.5005173012347607,0.12269301446110416
Calc-Test_P_01536_RIGHT_CC_1,1,0.4,0.0,0.00021474368806945424,0.5061163507330283,0.5059016070449588,0.00021474368806945424
Calc-Test_P_01536_RIGHT_CC_1,1,0.6,0.0,0.0,0.37333375650628414,0.37333375650628414,0.0
Calc-Test_P_01536_RIGHT_CC_1,1,p75,0.167781089717769,0.14409365956327283,0.3791823919317497,0.23508873236847685,-0.023687430154496175
Calc-Test_P_01538_RIGHT_MLO_1,1,0.2,0.035527359238699444,0.5235123327815917,0.0003614022406938923,-0.5231509305408978,0.4879849735428923
Calc-Test_P_01538_RIGHT_MLO_1,1,0.4,0.0,0.1682554814108675,0.0,-0.1682554814108675,0.1682554814108675
Calc-Test_P_01538_RIGHT_MLO_1,1,0.6,0.0,0.03377262571641356,0.0,-0.03377262571641356,0.03377262571641356
Calc-Test_P_01538_RIGHT_MLO_1,1,p75,0.27492483463619966,0.3200921486831455,0.19404161856221666,-0.12605053012092884,0.04516731404694585
Calc-Test_P_01538_RIGHT_MLO_2,1,0.2,0.004279210925644917,0.1121581054036024,0.13319619439444588,0.021038088990843487,0.10787889447795748
Calc-Test_P_01538_RIGHT_MLO_2,1,0.4,0.0,0.0006493104940943665,0.01799291292531049,0.017343602431216125,0.0006493104940943665
Calc-Test_P_01538_RIGHT_MLO_2,1,0.6,0.0,0.0,0.0,0.0,0.0
Calc-Test_P_01538_RIGHT_MLO_2,1,p75,0.11262549778450838,0.10497729994707963,0.22812122713060706,0.12314392718352743,-0.007648197837428747
Calc-Test_P_01547_LEFT_CC_1,0,0.2,0.2689601504490775,0.1779449434194741,0.20689990596932656,0.02895496254985247,-0.09101520702960342
Calc-Test_P_01547_LEFT_CC_1,0,0.4,0.17687493920430597,0.07804545896695957,0.1242501864401284,0.04620472747316884,-0.0988294802373464
Calc-Test_P_01547_LEFT_CC_1,0,0.6,0.11530106027690412,0.04027106773450926,0.0671184462241821,0.026847378489672842,-0.07502999254239487
Calc-Test_P_01547_LEFT_CC_1,0,p75,0.4067312992445122,0.4067637236146688,0.4060018796383317,-0.0007618439763371065,3.242437015660293e-05
Calc-Test_P_01562_LEFT_CC_1,0,0.2,0.3218127634830644,0.10793720017444396,0.14507922663177789,0.03714202645733393,-0.21387556330862045
Calc-Test_P_01562_LEFT_CC_1,0,0.4,0.16001599069632214,0.05026166593981683,0.07050443378398023,0.0202427678441634,-0.1097543247565053
Calc-Test_P_01562_LEFT_CC_1,0,0.6,0.06963221398459078,0.020024712894316034,0.02845617095508068,0.008431458060764646,-0.049607501090274744
Calc-Test_P_01562_LEFT_CC_1,0,p75,0.4558802151475505,0.41041439284582615,0.3364133698045233,-0.07400102304130285,-0.04546582230172436
Calc-Test_P_01602_RIGHT_CC_1,1,0.2,0.21091213474025974,0.5554056774713106,3.2024594888874656e-05,-0.5553736528764218,0.34449354273105093
Calc-Test_P_01602_RIGHT_CC_1,1,0.4,0.04771214052982009,0.5590524054634621,0.0,-0.5590524054634621,0.511340264933642
Calc-Test_P_01602_RIGHT_CC_1,1,0.6,0.0033490284501624776,0.36962190352020863,0.0,-0.36962190352020863,0.36627287507004613
Calc-Test_P_01602_RIGHT_CC_1,1,p75,0.09491978609625669,0.08877072085515071,0.029131939992306705,-0.05963878086284401,-0.006149065241105978
Calc-Test_P_01621_LEFT_CC_1,0,0.2,0.15028998066795546,0.0650623291780548,0.09655715645410089,0.03149482727604609,-0.08522765148990066
Calc-Test_P_01621_LEFT_CC_1,0,0.4,0.07206186254249716,0.0322645156989534,0.03456436237584161,0.0022998466768882064,-0.03979734684354376
Calc-Test_P_01621_LEFT_CC_1,0,0.6,0.029331377908139458,0.012665822278514765,0.013332444503699753,0.0006666222251849874,-0.01666555562962469
Calc-Test_P_01621_LEFT_CC_1,0,p75,0.41137833803284124,0.5979352678571429,0.2913467083497739,-0.306588559507369,0.18655692982430166
Calc-Test_P_01635_RIGHT_CC_2,1,0.2,0.0,0.0,0.0,0.0,0.0
Calc-Test_P_01635_RIGHT_CC_2,1,0.4,0.0,0.0,0.0,0.0,0.0
Calc-Test_P_01635_RIGHT_CC_2,1,0.6,0.0,0.0,0.0,0.0,0.0
Calc-Test_P_01635_RIGHT_CC_2,1,p75,0.15319985698963176,0.22799670029824226,0.5213647959183674,0.2933680956201251,0.0747968433086105
Calc-Test_P_01643_LEFT_CC_1,0,0.2,0.43804102928969524,0.13645978291121624,0.03598611880668397,-0.10047366410453228,-0.301581246378479
Calc-Test_P_01643_LEFT_CC_1,0,0.4,0.21867307293056915,0.06286814355084332,0.020342957643265425,-0.042525185907577895,-0.15580492937972584
Calc-Test_P_01643_LEFT_CC_1,0,0.6,0.08452709315775425,0.016164455767372396,0.010183359331312359,-0.005981096436060037,-0.06836263739038186
Calc-Test_P_01643_LEFT_CC_1,0,p75,0.3720378444108313,0.2352407145336573,0.6719746492346939,0.43673393470103655,-0.13679712987717402
Calc-Test_P_01643_RIGHT_CC_1,0,0.2,0.3702777326620107,0.19714146499918792,0.1461426019165178,-0.050998863082670126,-0.17313626766282278
Calc-Test_P_01643_RIGHT_CC_1,0,0.4,0.25733311677765147,0.12486600617183694,0.07292512587299009,-0.051940880298846845,-0.13246711060581454
Calc-Test_P_01643_RIGHT_CC_1,0,0.6,0.1654052298197174,0.07344485950950139,0.029397433815169724,-0.04404742569433166,-0.091960370310216
Calc-Test_P_01643_RIGHT_CC_1,0,p75,0.40747117102484975,0.6135403380102041,0.40310203024317587,-0.21043830776702827,0.20606916698535438
Calc-Test_P_01670_LEFT_CC_1,1,0.2,0.06483736030467628,0.0,0.0,0.0,-0.06483736030467628
Calc-Test_P_01670_LEFT_CC_1,1,0.4,0.020635696821515892,0.0,0.0,0.0,-0.020635696821515892
Calc-Test_P_01670_LEFT_CC_1,1,0.6,0.0007893201551185696,0.0,0.0,0.0,-0.0007893201551185696
Calc-Test_P_01670_LEFT_CC_1,1,p75,0.16145957548294776,0.16222016871851433,0.23824052885837782,0.07602036013986349,0.0007605932355665701
Calc-Test_P_01670_LEFT_MLO_2,1,0.2,0.0,0.11586670742892081,0.0,-0.11586670742892081,0.11586670742892081
Calc-Test_P_01670_LEFT_MLO_2,1,0.4,0.0,0.03314271271049888,0.0,-0.03314271271049888,0.03314271271049888
Calc-Test_P_01670_LEFT_MLO_2,1,0.6,0.0,0.010517216539403544,0.0,-0.010517216539403544,0.010517216539403544
Calc-Test_P_01670_LEFT_MLO_2,1,p75,0.07985512749364722,0.049279391738538354,0.10890821835632873,0.05962882661779038,-0.030575735755108864
Calc-Test_P_01670_LEFT_MLO_3,1,0.2,0.014165955134673601,0.338467441350581,0.19110098709187548,-0.1473664542587055,0.3243014862159074
Calc-Test_P_01670_LEFT_MLO_3,1,0.4,0.000609508329947176,0.22944746312892528,0.08176877470355731,-0.14767868842536797,0.2288379547989781
Calc-Test_P_01670_LEFT_MLO_3,1,0.6,0.0,0.12159974732520036,0.024372840618897402,-0.09722690670630296,0.12159974732520036
Calc-Test_P_01670_LEFT_MLO_3,1,p75,0.46279097576530615,0.24066174175423993,0.1554615061544923,-0.08520023559974763,-0.2221292340110662
Calc-Test_P_01711_RIGHT_CC_1,0,0.2,0.12998414469434494,0.5802197276143517,0.12853510056253373,-0.451684627051818,0.45023558292000676
Calc-Test_P_01711_RIGHT_CC_1,0,0.4,0.08164109840087494,0.4515052910776298,0.0982670744138634,-0.3532382166637664,0.36986419267675485
Calc-Test_P_01711_RIGHT_CC_1,0,0.6,0.03732009040085643,0.30776873188905757,0.06432662652371861,-0.24344210536533895,0.27044864148820114
Calc-Test_P_01711_RIGHT_CC_1,0,p75,0.6685467155612245,0.2784743411927878,0.13851434780461302,-0.13995999338817477,-0.39007237436843667
Calc-Test_P_01713_RIGHT_MLO_1,0,0.2,0.6082942863137283,0.21430584918957013,0.21610587398793552,0.001800024798365385,-0.39398843712415815
Calc-Test_P_01713_RIGHT_MLO_1,0,0.4,0.4784748446826654,0.08752279908546767,0.04364398222940226,-0.043878816856065414,-0.3909520455971977
Calc-Test_P_01713_RIGHT_MLO_1,0,0.6,0.3103715584068431,0.018067827099095286,0.0005998146027591471,-0.017468012496336137,-0.29230373130774784
Calc-Test_P_01713_RIGHT_MLO_1,0,p75,0.2559133426513278,0.14158319081358417,0.1367230263958156,-0.00486016441776857,-0.11433015183774364
Calc-Test_P_01728_LEFT_CC_1,0,0.2,0.03374581452904353,0.0,0.026291244024717268,0.026291244024717268,-0.03374581452904353
Calc-Test_P_01728_LEFT_CC_1,0,0.4,0.01866283839212469,0.0,0.0030202534644083855,0.0030202534644083855,-0.01866283839212469
Calc-Test_P_01728_LEFT_CC_1,0,0.6,0.008467825214646093,0.0,0.0,0.0,-0.008467825214646093
Calc-Test_P_01728_LEFT_CC_1,0,p75,0.6507095025510204,0.6507095025510204,0.6507095025510204,0.0,0.0
Calc-Test_P_01743_RIGHT_CC_1,1,0.2,0.5799054373522459,0.6195,0.3308284505635986,-0.28867154943640144,0.03959456264775418
Calc-Test_P_01743_RIGHT_CC_1,1,0.4,0.3383092233507746,0.4245420044042543,0.22157217317306668,-0.20296983123118764,0.0862327810534797
Calc-Test_P_01743_RIGHT_CC_1,1,0.6,0.11517074890823772,0.1444308151141256,0.047953844089628335,-0.09647697102449726,0.029260066205887864
Calc-Test_P_01743_RIGHT_CC_1,1,p75,0.2676638917793965,0.16903773720701484,0.2889223932709094,0.11988465606389456,-0.09862615457238164
Calc-Test_P_01752_LEFT_CC_1,0,0.2,0.2595573935947616,0.14659830606449017,0.4099527572400059,0.2633544511755157,-0.11295908753027142
Calc-Test_P_01752_LEFT_CC_1,0,0.4,0.127335261471117,0.08577647966493993,0.09460536805740101,0.008828888392461084,-0.041558781806177086
Calc-Test_P_01752_LEFT_CC_1,0,0.6,0.07099548010142212,0.053828250880229155,0.027343968653792333,-0.026484282226436822,-0.017167229221192966
Calc-Test_P_01752_LEFT_CC_1,0,p75,0.10686617849941632,0.10049323451059003,0.05611263040615821,-0.04438060410443182,-0.006372943988826291
Calc-Test_P_01773_RIGHT_CC_1,0,0.2,0.5146268112640117,0.2953941411840299,0.30569349809446816,0.010299356910438262,-0.21923267007998176
Calc-Test_P_01773_RIGHT_CC_1,0,0.4,0.20576706876120446,0.1625859042632315,0.06373283946262163,-0.09885306480060986,-0.04318116449797296
Calc-Test_P_01773_RIGHT_CC_1,0,0.6,0.10978092431102063,0.08137097019233691,0.015410653839301621,-0.06596031635303529,-0.028409954118683717
Calc-Test_P_01773_RIGHT_CC_1,0,p75,0.3811491598553675,0.32286603998719476,0.31156764867126413,-0.011298391315930634,-0.05828311986817275
Calc-Test_P_01803_RIGHT_CC_1,1,0.2,0.5229398863076854,0.5771772685768947,0.6707850024505799,0.09360773387368526,0.05423738226920927
Calc-Test_P_01803_RIGHT_CC_1,1,0.4,0.4315607960106259,0.0006514473460601598,0.6452426797689397,0.6445912324228795,-0.43090934866456576
Calc-Test_P_01803_RIGHT_CC_1,1,0.6,0.22213458847474876,0.0,0.5001507537688442,0.5001507537688442,-0.22213458847474876
Calc-Test_P_01803_RIGHT_CC_1,1,p75,0.19098971452560873,0.19437427639195873,0.30097449125824016,0.10660021486628143,0.00338456186635
Calc-Test_P_01820_LEFT_MLO_1,0,0.2,0.08548652339939238,0.07561558250643145,0.046006685863701054,-0.0296088966427304,-0.009870940892960922
Calc-Test_P_01820_LEFT_MLO_1,0,0.4,0.026794457137770393,0.040730884071141116,0.027055612418969636,-0.01367527165217148,0.013936426933370723
Calc-Test_P_01820_LEFT_MLO_1,0,0.6,0.013281984413379022,0.01767780987756225,0.013596216704916893,-0.004081593172645358,0.004395825464183229
Calc-Test_P_01820_LEFT_MLO_1,0,p75,0.1204384550200913,0.14763691342815544,0.5669044961734694,0.41926758274531395,0.027198458408064133
Calc-Test_P_01834_LEFT_MLO_1,1,0.2,0.09452001016095883,0.21938590336083622,0.4110069979836318,0.1916210946227956,0.12486589319987738
Calc-Test_P_01834_LEFT_MLO_1,1,0.4,0.0,0.0,0.2412662198773706,0.2412662198773706,0.0
Calc-Test_P_01834_LEFT_MLO_1,1,0.6,0.0,0.0,0.09128689159681623,0.09128689159681623,0.0
Calc-Test_P_01834_LEFT_MLO_1,1,p75,0.05361831888641048,0.11753256475520288,0.18939249059730986,0.07185992584210699,0.06391424586879241
Calc-Test_P_01842_LEFT_MLO_1,1,0.2,0.4181727444480091,0.4762518950965085,0.0,-0.4762518950965085,0.05807915064849939
Calc-Test_P_01842_LEFT_MLO_1,1,0.4,0.2657056551829618,0.4915197356532514,0.0,-0.4915197356532514,0.2258140804702896
Calc-Test_P_01842_LEFT_MLO_1,1,0.6,0.13146654010441386,0.40607664696711504,0.0,-0.40607664696711504,0.27461010686270115
Calc-Test_P_01842_LEFT_MLO_1,1,p75,0.3669064748201439,0.3798762642166488,0.4921875,0.11231123578335123,0.012969789396504894
Calc-Test_P_01845_RIGHT_CC_1,0,0.2,0.647710877291762,0.008643769601468676,0.0464954490115369,0.03785167941006822,-0.6390671076902934
Calc-Test_P_01845_RIGHT_CC_1,0,0.4,0.41043021706762794,0.0007654191677073682,0.004474975466143278,0.0037095562984359094,-0.40966479789992055
Calc-Test_P_01845_RIGHT_CC_1,0,0.6,0.19465263157894735,0.0,0.0,0.0,-0.19465263157894735
Calc-Test_P_01845_RIGHT_CC_1,0,p75,0.41839924964827263,0.4733338647959184,0.04729476266051075,-0.42603910213540763,0.05493461514764575
Calc-Test_P_01845_RIGHT_CC_2,0,0.2,0.4910338720389639,0.0057898787057055956,0.27096876907156314,0.26517889036585757,-0.48524399333325835
Calc-Test_P_01845_RIGHT_CC_2,0,0.4,0.42470649862878623,0.0,0.003038475982383667,0.003038475982383667,-0.42470649862878623
Calc-Test_P_01845_RIGHT_CC_2,0,0.6,0.19348275983022906,0.0,0.0,0.0,-0.19348275983022906
Calc-Test_P_01845_RIGHT_CC_2,0,p75,0.19344768318776526,0.06318157672718183,0.03937681380785092,-0.02380476291933091,-0.13026610646058343
Calc-Test_P_01861_LEFT_CC_1,1,0.2,0.22355491329479768,0.09387677725118483,0.18045211028354893,0.0865753330323641,-0.12967813604361283
Calc-Test_P_01861_LEFT_CC_1,1,0.4,0.04539717083786725,0.004815724815724815,0.12524370996193482,0.12042798514621,-0.040581446022142434
Calc-Test_P_01861_LEFT_CC_1,1,0.6,0.0,0.0,0.05656545140651975,0.05656545140651975,0.0
Calc-Test_P_01861_LEFT_CC_1,1,p75,0.09299177340414454,0.10443049075665627,0.24087648774335935,0.13644599698670307,0.01143871735251173
Calc-Test_P_01867_LEFT_CC_1,0,0.2,0.6932318483695247,0.562468429028456,0.47215738579526506,-0.09031104323319089,-0.13076341934106872
Calc-Test_P_01867_LEFT_CC_1,0,0.4,0.46955321718130066,0.3695119818086409,0.3536521282186022,-0.01585985359003872,-0.10004123537265974
Calc-Test_P_01867_LEFT_CC_1,0,0.6,0.25287255503903167,0.20515744232962022,0.16235417945794228,-0.04280326287167793,-0.04771511270941145
Calc-Test_P_01867_LEFT_CC_1,0,p75,0.6784662834711902,0.743102569702264,0.45259326660600546,-0.2905093030962585,0.06463628623107376
Calc-Test_P_01867_LEFT_CC_2,0,0.2,0.6091577274533174,0.5634288297451545,0.5127069917203312,-0.05072183802482333,-0.04572889770816291
Calc-Test_P_01867_LEFT_CC_2,0,0.4,0.48388403448874484,0.3387786622311988,0.19551644169590296,-0.14326222053529583,-0.14510537225754605
Calc-Test_P_01867_LEFT_CC_2,0,0.6,0.3106197897789054,0.18036169438038596,0.07885499878963931,-0.10150669559074665,-0.13025809539851946
Calc-Test_P_01867_LEFT_CC_2,0,p75,0.5800709800709801,0.5995467609993367,0.6190556115027415,0.019508850503404784,0.019475780928356556
Calc-Test_P_01868_LEFT_CC_1,0,0.2,0.3475377366983765,0.25340696535138507,0.14871181030551756,-0.10469515504586752,-0.09413077134699144
Calc-Test_P_01868_LEFT_CC_1,0,0.4,0.15169702607808422,0.1333013234102572,0.08073924343055154,-0.05256207997970565,-0.01839570266782703
Calc-Test_P_01868_LEFT_CC_1,0,0.6,0.07466314557512829,0.06145905230621493,0.03636204072080505,-0.025097011585409876,-0.013204093268913364
Calc-Test_P_01868_LEFT_CC_1,0,p75,0.363912099675875,0.3196478407227321,0.6641222895408163,0.3444744488180842,-0.0442642589531429
Calc-Test_P_01872_LEFT_CC_1,0,0.2,0.12692492781520692,0.002663160733549083,0.008964927288280581,0.006301766554731498,-0.12426176708165784
Calc-Test_P_01872_LEFT_CC_1,0,0.4,0.06452518447224896,0.0,0.0,0.0,-0.06452518447224896
Calc-Test_P_01872_LEFT_CC_1,0,0.6,0.026547962784728905,0.0,0.0,0.0,-0.026547962784728905
Calc-Test_P_01872_LEFT_CC_1,0,p75,0.49697066326530615,0.49697066326530615,0.06173538740371545,-0.4352352758615907,0.0
Calc-Test_P_01882_LEFT_CC_1,0,0.2,0.22543780041007025,0.0,0.0,0.0,-0.22543780041007025
Calc-Test_P_01882_LEFT_CC_1,0,0.4,0.12167523372546314,0.0,0.0,0.0,-0.12167523372546314
Calc-Test_P_01882_LEFT_CC_1,0,0.6,0.04775928751374942,0.0,0.0,0.0,-0.04775928751374942
Calc-Test_P_01882_LEFT_CC_1,0,p75,0.29487263013877124,0.5419124681122449,0.5419124681122449,0.0,0.24703983797347367
Calc-Test_P_01883_RIGHT_CC_1,1,0.2,0.32594713977137585,0.42291735420300786,0.5377253695633598,0.11480801536035196,0.096970214431632
Calc-Test_P_01883_RIGHT_CC_1,1,0.4,0.20364444209357066,0.2647547457580957,0.15541585755192047,-0.10933888820617524,0.06111030366452505
Calc-Test_P_01883_RIGHT_CC_1,1,0.6,0.10696052795417756,0.004956078887103941,0.004766967317123358,-0.00018911156998058232,-0.10200444906707362
Calc-Test_P_01883_RIGHT_CC_1,1,p75,0.15784114052953158,0.21356374307140527,0.30832667412498005,0.09476293105357478,0.055722602541873695
Calc-Test_P_02102_LEFT_CC_1,1,0.2,0.5785090273733255,0.41263719964402257,0.2334593572778828,-0.17917784236613976,-0.16587182772930298
Calc-Test_P_02102_LEFT_CC_1,1,0.4,0.4303833957912943,0.3481827275758586,0.15259590708692505,-0.19558682048893355,-0.0822006682154357
Calc-Test_P_02102_LEFT_CC_1,1,0.6,0.2642548706266363,0.19940334937961895,0.08108108108108109,-0.11832226829853787,-0.06485152124701732
Calc-Test_P_02102_LEFT_CC_1,1,p75,0.36188016866603473,0.37156401224610724,0.32535946049115666,-0.046204551754950585,0.009683843580072515
Calc-Test_P_02139_LEFT_CC_1,1,0.2,0.3232746311280343,0.6996170943180318,0.5596247924240384,-0.13999230189399336,0.3763424631899975
Calc-Test_P_02139_LEFT_CC_1,1,0.4,0.10580990475094242,0.6144951525183259,0.19948180135718693,-0.4150133511611389,0.5086852477673834
Calc-Test_P_02139_LEFT_CC_1,1,0.6,0.02619363395225464,0.18509615384615385,0.05883132721777401,-0.12626482662837984,0.15890251989389922
Calc-Test_P_02139_LEFT_CC_1,1,p75,0.18949655338894403,0.1315863335969993,0.12939618509180736,-0.0021901485051919467,-0.05791021979194472
Calc-Test_P_02153_RIGHT_CC_1,0,0.2,0.6139512912030233,0.6298223720893185,0.17321823286934704,-0.45660413921997145,0.015871080886295186
Calc-Test_P_02153_RIGHT_CC_1,0,0.4,0.4335982527452527,0.27634862441849717,0.09163297045101089,-0.1847156539674863,-0.15724962832675554
Calc-Test_P_02153_RIGHT_CC_1,0,0.6,0.20545771361005663,0.11651190701787632,0.04493816282216698,-0.07157374419570935,-0.08894580659218031
Calc-Test_P_02153_RIGHT_CC_1,0,p75,0.3510664378524148,0.34132465240804405,0.21440766646472434,-0.1269169859433197,-0.009741785444370765
Calc-Test_P_02159_LEFT_CC_1,0,0.2,0.5151949845924981,0.0075283064321850154,0.03775114353540617,0.030222837103221156,-0.5076666781603131
Calc-Test_P_02159_LEFT_CC_1,0,0.4,0.3942714966973727,0.0,0.01992116434202547,0.01992116434202547,-0.3942714966973727
Calc-Test_P_02159_LEFT_CC_1,0,0.6,0.2548989065079909,0.0,0.008459607697313378,0.008459607697313378,-0.2548989065079909
Calc-Test_P_02159_LEFT_CC_1,0,p75,0.32185171613533653,0.6127232142857143,0.6127232142857143,0.0,0.29087149815037777
Calc-Test_P_02176_RIGHT_CC_1,1,0.2,0.8221352968246664,0.6377178070548236,0.43926659884106695,-0.19845120821375667,-0.18441748976984274
Calc-Test_P_02176_RIGHT_CC_1,1,0.4,0.6703728070175439,0.25043458881212394,0.1023571197933484,-0.14807746901877555,-0.41993821820541993
Calc-Test_P_02176_RIGHT_CC_1,1,0.6,0.3467710371819961,0.1002630675969347,0.013715739562854169,-0.08654732803408052,-0.24650796958506138
Calc-Test_P_02176_RIGHT_CC_1,1,p75,0.282699835545364,0.2353164246358384,0.23902002461125404,0.003703599975415639,-0.04738341090952558
Calc-Test_P_02198_LEFT_CC_1,1,0.2,0.02045557856457397,0.7245607200705309,0.011909048819383714,-0.7126516712511471,0.7041051415059569
Calc-Test_P_02198_LEFT_CC_1,1,0.4,0.0,0.05502551586421123,0.0,-0.05502551586421123,0.05502551586421123
Calc-Test_P_02198_LEFT_CC_1,1,0.6,0.0,0.009740086459945563,0.0,-0.009740086459945563,0.009740086459945563
Calc-Test_P_02198_LEFT_CC_1,1,p75,0.09486504130929065,0.1451882549624432,0.08427692582025678,-0.060911329142186416,0.05032321365315255
Calc-Test_P_02275_LEFT_CC_1,1,0.2,0.4152703583061889,0.37830645590505085,0.3941668917094248,0.015860435804373962,-0.03696390240113806
Calc-Test_P_02275_LEFT_CC_1,1,0.4,0.3275363993529004,0.2497755163124813,0.3072080579162732,0.05743254160379191,-0.07776088304041912
Calc-Test_P_02275_LEFT_CC_1,1,0.6,0.15172814228524278,0.08278195715882655,0.1633885335086985,0.08060657634987195,-0.06894618512641623
Calc-Test_P_02275_LEFT_CC_1,1,p75,0.3232095878398129,0.3415624444312726,0.2992738440343274,-0.04228860039694521,0.018352856591459688
Calc-Test_P_02418_RIGHT_CC_1,1,0.2,0.6697895937213514,0.6115270179479797,0.30584141188168035,-0.30568560606629935,-0.05826257577337168
Calc-Test_P_02418_RIGHT_CC_1,1,0.4,0.5400621361251077,0.42121738215488214,0.03770081745274504,-0.3835165647021371,-0.11884475397022554
Calc-Test_P_02418_RIGHT_CC_1,1,0.6,0.2875562889827427,0.20159306875349356,0.0,-0.20159306875349356,-0.08596322022924915
Calc-Test_P_02418_RIGHT_CC_1,1,p75,0.30984464613842644,0.2771444082519001,0.18395953393562675,-0.09318487431627337,-0.03270023788652632
Calc-Test_P_02420_RIGHT_CC_1,1,0.2,0.42183789488833984,0.7387826725703442,0.13053585685436528,-0.6082468157159789,0.3169447776820044
Calc-Test_P_02420_RIGHT_CC_1,1,0.4,0.27794832437963674,0.7135834904760896,0.01614835651403865,-0.6974351339620509,0.43563516609645286
Calc-Test_P_02420_RIGHT_CC_1,1,0.6,0.1778726145422337,0.29044345732932975,0.0,-0.29044345732932975,0.11257084278709606
Calc-Test_P_02420_RIGHT_CC_1,1,p75,0.25903878366189925,0.24129606099110545,0.14086546320730484,-0.10043059778380062,-0.017742722670793798
Calc-Test_P_02432_LEFT_CC_1,1,0.2,0.14316634241245135,0.005949136071674054,0.0,-0.005949136071674054,-0.1372172063407773
Calc-Test_P_02432_LEFT_CC_1,1,0.4,0.0,0.0,0.0,0.0,0.0
Calc-Test_P_02432_LEFT_CC_1,1,0.6,0.0,0.0,0.0,0.0,0.0
Calc-Test_P_02432_LEFT_CC_1,1,p75,0.15715844344769062,0.046547830472055955,0.1180272586764086,0.07147942820435266,-0.11061061297563465
Calc-Test_P_02464_RIGHT_CC_1,1,0.2,0.05241675617615467,0.030611481176558642,0.0,-0.030611481176558642,-0.021805274999596027
Calc-Test_P_02464_RIGHT_CC_1,1,0.4,0.02599355531686359,0.006726800183458187,0.0,-0.006726800183458187,-0.0192667551334054
Calc-Test_P_02464_RIGHT_CC_1,1,0.6,0.01020408163265306,0.0,0.0,0.0,-0.01020408163265306
Calc-Test_P_02464_RIGHT_CC_1,1,p75,0.7421875,0.17285084929441422,0.7421875,0.5693366507055858,-0.5693366507055858
Calc-Test_P_02498_RIGHT_CC_1,0,0.2,0.17029885057471264,0.11210553844365666,0.3016857878716928,0.18958024942803614,-0.05819331213105598
Calc-Test_P_02498_RIGHT_CC_1,0,0.4,0.08898252184769039,0.0532716378952364,0.15063912410333855,0.09736748620810215,-0.03571088395245398
Calc-Test_P_02498_RIGHT_CC_1,0,0.6,0.04079275905118602,0.02460028303875222,0.09435761130211193,0.0697573282633597,-0.016192476012433798
Calc-Test_P_02498_RIGHT_CC_1,0,p75,0.3191313095449435,0.22722268097990642,0.1750276650682405,-0.05219501591166592,-0.09190862856503709
Calc-Test_P_02501_RIGHT_CC_1,1,0.2,0.27172803009943564,0.7232629255351465,0.5537653780820507,-0.16949754745309575,0.45153489543571085
Calc-Test_P_02501_RIGHT_CC_1,1,0.4,0.1544677714379317,0.6136448557047718,0.1782109774643993,-0.4354338782403725,0.4591770842668401
Calc-Test_P_02501_RIGHT_CC_1,1,0.6,0.026777546777546776,0.18314910472927762,0.0578995738992397,-0.12524953083003793,0.15637155795173086
Calc-Test_P_02501_RIGHT_CC_1,1,p75,0.28129563255011286,0.2412675549153763,0.32511395463781645,0.08384639972244015,-0.040028077634736564
