seed,model,AUC,Sensitivity_05,Specificity_05,F1_05,Optimal_Threshold,Sensitivity_Opt,Specificity_Opt,F1_Opt,Brier
42,M1_CNN,0.6463358070500927,0.025974025974025976,1.0,0.05063291139240506,0.08541636914014816,0.7922077922077922,0.38392857142857145,0.5893719806763285,0.28708309933943943
42,M2_EfficientNet,0.7661178107606679,0.6493506493506493,0.7142857142857143,0.6289308176100629,0.194678395986557,0.8441558441558441,0.5089285714285714,0.6598984771573604,0.20228594149134885
42,M3_Fusion,0.7154452690166976,0.7012987012987013,0.625,0.6242774566473989,0.42978355288505554,0.7662337662337663,0.5267857142857143,0.6243386243386243,0.21272841215432303
42,M4_NullControl,0.7080241187384044,0.6233766233766234,0.6696428571428571,0.5925925925925926,0.46963000297546387,0.6363636363636364,0.5892857142857143,0.5697674418604651,0.2128268055612471
123,M1_CNN,0.6544526901669758,0.5714285714285714,0.6339285714285714,0.5432098765432098,0.4827980399131775,0.6233766233766234,0.5714285714285714,0.5549132947976878,0.2293828498955382
123,M2_EfficientNet,0.7618274582560297,0.7012987012987013,0.7053571428571429,0.6585365853658537,0.40842291712760925,0.7922077922077922,0.5982142857142857,0.6666666666666666,0.19810136502901896
123,M3_Fusion,0.68889146567718,0.5974025974025974,0.6428571428571429,0.5644171779141104,0.2551543712615967,0.8701298701298701,0.4017857142857143,0.6350710900473934,0.22665350990791464
123,M4_NullControl,0.7156771799628943,0.6363636363636364,0.6339285714285714,0.5868263473053892,0.3641703128814697,0.8051948051948052,0.48214285714285715,0.6294416243654822,0.20948126456611726
2026,M1_CNN,0.6579313543599258,0.5454545454545454,0.7232142857142857,0.56,0.3405396342277527,0.7402597402597403,0.42857142857142855,0.5757575757575758,0.2296477342055617
2026,M2_EfficientNet,0.745477736549165,0.6363636363636364,0.7410714285714286,0.632258064516129,0.4685382544994354,0.6753246753246753,0.6785714285714286,0.6303030303030303,0.20366468449418054
2026,M3_Fusion,0.7105751391465676,0.7142857142857143,0.6160714285714286,0.6285714285714286,0.494568407535553,0.7272727272727273,0.6071428571428571,0.632768361581921,0.21783121409484277
2026,M4_NullControl,0.7502319109461967,0.6363636363636364,0.7232142857142857,0.6242038216560509,0.4947625696659088,0.6623376623376623,0.7053571428571429,0.6335403726708074,0.20431745690800746
